VERIFIED,9/2/2020,Ed Lapasota,In House ,2538,RSW,,,
SHIPPED,6/4/2020,Ed Lapasota,Shipped to RSW ,2538,RSW,,,
SHIPPED,1/21/2020,Ed Lapasota,Shipped to MCLA 1-21-20  ,2539,MCLA,,,
RETURNED,9/2/2020,Ed Lapasota,In-house 09.02.20,2539,MCLA,,,
SHIPPED,1/14/2020,Ed Lapasota,Shipped to QXU ,2540,QXU,,,
SHIPPED,1/27/2020,Ed Lapasota,Shipped to MLCA ,2541,MCLA,,,
SHIPPED,5/15/2020,Ed Lapasota,Shipping to MLCA ,2541,MCLA,,,
RETURNED,6/15/2020,Ed Lapasota,Returned from Bill O'Hare,2541,MCLA,,,
VERIFIED,9/2/2020,Ed Lapasota,In-House 09.02.20,2542,Speedcast GSI Gov,,,
SHIPPED,2/10/2020,Ed Lapasota,Shipped to MLCA 02.10.20,2543,MCLA,,,
SHIPPED,3/31/2020,Ed Lapasota,Shipped to GDT 03.31.20,2544,GDT,,,
SHIPPED,3/13/2020,Ed Lapasota,Shipped to QUZ 03.13.20,2545,QUZ,,,
VERIFIED,9/1/2020,Ed Lapasota,BHF TEST RACK 09/1/20 |,2546,BHF,,,
VERIFIED,6/5/2020,Ed Lapasota,In House - SCG Test Rack | May Ship to Site TBD - Verify before using 06.05.20 |,2547,SCG,,,
RETURNED,7/9/2020,Ed Lapasota,Returned from QJA - John Kayanek,2548,QJA,,,
SHIPPED,1/20/2020,Ed Lapasota,Shipped to QJM 01.29.20,2549,QJM,,,
VERIFIED,6/5/2020,Ed Lapasota,Unit in house Verified 06.05.20,2550,Speedcast GSI Gov,,,
VERIFIED,6/5/2020,Ed Lapasota,Unit in house Verified 06.05.20,2551,Speedcast GSI Gov,,,
VERIFIED,6/5/2020,Ed Lapasota,Unit in house Verified 06.05.20,2552,Speedcast GSI Gov,,,
RETURNED,6/15/2020,Ed Lapasota, Returned from Vendor RTV# 13374 | BHF Test Rack |,2553,Speedcast GSI Gov,,13374,
RETURNED,6/15/2020,Ed Lapasota,Returned from Vendor RTV# 13375,2554,Speedcast GSI Gov,,13375,
VERIFIED,9/2/2020,Ed Lapasota,In-House 09.02.20 |,2554,Speedcast GSI Gov,,,
VERIFIED,9/2/2020,Ed Lapasota,Unit in house (SPARES),2555,Speedcast GSI Gov,,,
SHIPPED,1/20/2020,Ed Lapasota,Shipped to QJM 01.29.20,2556,QJM,,,
VERIFIED,5/15/2020,Ed Lapasota,Unit in house | 05.15.20 Unit in House,2557,Speedcast GSI Gov,,,
SHIPPED,2/20/2020,Ed Lapasota,Shipped to Vendor ,2558,Comtech,,,
RETURNED,5/15/2020,Ed Lapasota,Unit in House - Test Rack ,2558,Speedcast GSI Gov,,,
SHIPPED,1/20/2020,Ed Lapasota,Shipped to QJM 01.29.20,2559,QJM,,,
VERIFIED,5/15/2020,Ed Lapasota,Unit in house -Verified 05.15.20,2560,Speedcast GSI Gov,,,
VERIFIED,5/15/2020,Ed Lapasota,Unit in house -Verified 05.15.20,2561,Speedcast GSI Gov,,,
MISSING,9/2/2020,Ed Lapasota,Unit in house - ****Must Locate Unit****,2562,Unknown,,,
VERIFIED,5/15/2020,Ed Lapasota,Unit in house -Verified ,2563,Speedcast GSI Gov,,,
SHIPPED,7/9/2020,Ed Lapasota,Shipped back from QJA TEST RACK,2563,QJA,,,
VERIFIED,5/15/2020,Ed Lapasota,Unit in house -Verified 05.15.20 ,2564,Speedcast GSI Gov,,,
SHIPPED,6/19/2020,Ed Lapasota,Shipped to QYB ,2564,QYB,,,
SHIPPED,7/9/2020,Ed Lapasota,Shipped back | BHF TEST RACK,2564,Speedcast GSI Gov,,,
VERIFIED,5/15/2020,Ed Lapasota,Unit in house -Verified 05.15.20,2565,Speedcast GSI Gov,,,
RETURNED,9/2/2020,Ed Lapasota,Returned from Vendor RTV# 13357,2566,Comtech,,13357,
SHIPPED,3/6/2020,Ed Lapasota,Shipped to QEA,2567,QEA,,,
RETURNED,5/15/2020,Ed Lapasota,Returned from QEA ,2567,Speedcast GSI Gov,,,
SHIPPED,3/11/2020,Ed Lapasota,Shipped to QUZ 03.11.20,2568,QUZ,,,
VERIFIED,5/15/2020,Ed Lapasota,Unit in house -Verified 05.15.20 | INV. 09120 |,2569,Speedcast GSI Gov,,,
SHIPPED,1/17/2020,Ed Lapasota,Shipped to NAW 01.17.20,2570,NAW,,,
SHIPPED,1/17/2020,Ed Lapasota,Shipped to NAW 01.17.20,2571,NAW,,,
SHIPPED,1/27/2020,Ed Lapasota,Shipped to MLCA 1-27-20,2572,MLCA,,,
SHIPPED,5/15/2020,Ed Lapasota,Shipping to MLCA ,2573,QEA,,,
RETURNED,6/15/2020,Ed Lapasota, Returned from Bill O'Hare |TEST RACK 090120 |,2573,Speedcast GSI Gov,,,
SHIPPED,1/16/2020,Ed Lapasota,"Shipped to Ken Green, Brewers Ct. 01.16.20",2574,Ken Green,,,
SHIPPED,1/19/2020,Ed Lapasota,"Shipped to Ken Green, Brewers Ct. 01.16.20",2575,Ken Green,,,
RETURNED,5/15/2020,Ed Lapasota,Returned from VendorINV. 090120,2576,Speedcast GSI Gov,,13356,
VERIFIED,9/2/2020,Ed Lapasota,Cart - TEST 090220,2577,Speedcast GSI Gov,,,
SHIPPED,1/21/2020,Ed Lapasota,Shipped to MLCA,2578,Speedcast GSI Gov,,,
VERIFIED,5/15/2020,Ed Lapasota, Verified In House 05.15.20 | INV.090220 |,2578,Speedcast GSI Gov,,,
SHIPPED,3/31/2020,Ed Lapasota,Shipped to GDT 03.31.20,2579,GDT,,,
VERIFIED,9/2/2020,Ed Lapasota,Unit in house 090220 |,2580,Speedcast GSI Gov,,,
VERIFIED,9/2/2020,Ed Lapasota,Unit in house - 090220 |,2581,Speedcast GSI Gov,,,
RETURNED,2/25/2020,Ed Lapasota,Returned to vendor ,2582,Comtech,,,
RETURNED,5/15/2020,Ed Lapasota, Returned from Vendor | Test RK 090220 ,2582,Speedcast GSI Gov,,,
VERIFIED,5/15/2020,Ed Lapasota,Verified In House 05.15.20 | ,2583,Speedcast GSI Gov,,,
VERIFIED,5/15/2020,Ed Lapasota,Verified In House 05.15.20 |,2584,Speedcast GSI Gov,,,
VERIFIED,5/15/2020,Ed Lapasota,Verified In House 05.15.20 |  TEST RK 090220 |,2585,Speedcast GSI Gov,,,
RETURNED,7/9/2020,Ed Lapasota,Shipped back from QJA 07.09.20 |  TEST RK 090220 |,2586,Speedcast GSI Gov,,,
SHIPPED,1/21/2020,Ed Lapasota,Unit at QXU 1/21/20 awaiting return from site ,2587,Speedcast GSI Gov,,,
RETURNED,5/15/2020,Ed Lapasota,In House ,2587,Speedcast GSI Gov,,,
RETURNED,9/2/2020,Ed Lapasota,Test Rk ,2587,Speedcast GSI Gov,,,
SHIPPED,1/21/2020,Ed Lapasota,Unit at QXU 1/21/20 awaiting return from site ,2588,QXU,,,
VERIFIED,5/15/2020,Ed Lapasota,In House ,2588,Speedcast GSI Gov,,,
VERIFIED,1/21/2020,Ed Lapasota,Unit at QXU 1/21/20 installed in rack ,2589,Speedcast GSI Gov,,,
SHIPPED,1/27/2020,Ed Lapasota,Shipped to MLCA ,2590,MCLA,,,
RETURNED,5/15/2020,Ed Lapasota, In House,2590,Speedcast GSI Gov,,,
SHIPPED,1/29/2020,Ed Lapasota,In House,2591,QJM,,,
RETURNED,5/15/2020,Ed Lapasota,In House,2591,Speedcast GSI Gov,,,
SHIPPED,11/14/2019,Ed Lapasota,Shipped to vendor ,2592,Comtech,99654,,
VERIFIED,9/2/2020,Ed Lapasota,Test Rk-09.02.20 ,2592,Speedcast GSI Gov,,,
VERIFIED,5/15/2020,Ed Lapasota,In House 05.15.20 |,2593,Speedcast GSI Gov,,,
VERIFIED,5/15/2020,Ed Lapasota,In House 05.15.20 |,2594,Speedcast GSI Gov,,,
VERIFIED,5/15/2020,Ed Lapasota,In House 05.15.20 |,2595,Speedcast GSI Gov,,,
VERIFIED,5/15/2020,Ed Lapasota,In House 05.15.20 |,2596,Speedcast GSI Gov,,,
VERIFIED,5/15/2020,Ed Lapasota,In House 05.15.20 |,2597,Speedcast GSI Gov,,,
VERIFIED,5/15/2020,Ed Lapasota,In House 05.15.20 |,2598,Speedcast GSI Gov,,,
VERIFIED,5/15/2020,Ed Lapasota,In House 05.15.20 |,2599,Speedcast GSI Gov,,,
VERIFIED,5/15/2020,Ed Lapasota,In House 05.15.20 |,2600,Speedcast GSI Gov,,,
VERIFIED,9/2/2020,Ed Lapasota,In House 09.02.20 |,2601,Speedcast GSI Gov,,,
SHIPPED,3/11/2020,Ed Lapasota,Shipped to QAF 03.11.20,2602,QAF,,,
SHIPPED,3/11/2020,Ed Lapasota,Shipped to QUZ 03.11.20,2603,QUZ,,,
RETURNED,6/15/2020,Ed Lapasota,VBUCK10AAXXXXXX is Model/N |  06.15.20 Returned from Bill 0'Hare,2604,Speedcast GSI Gov,,,
RETURNED,6/15/2020,Ed Lapasota,VBUCK10AAXXXXXX is Model/N |  06.15.20 Returned from Bill 0'Hare,2605,Speedcast GSI Gov,,,
MISSING,9/2/2020,Ed Lapasota,Find which site shipped,2606,Speedcast GSI Gov,,,
VERIFIED,9/2/2020,Ed Lapasota,Unit in house,2607,Speedcast GSI Gov,,,
VERIFIED,9/2/2020,Ed Lapasota,Unit in house,2608,Speedcast GSI Gov,,,
VERIFIED,9/2/2020,Ed Lapasota,Unit in house,2609,Speedcast GSI Gov,,,
VERIFIED,9/2/2020,Ed Lapasota,Unit in house | Test Rk 09.02.20 |,2610,Speedcast GSI Gov,,,
VERIFIED,9/2/2020,Ed Lapasota,Unit in house | Test Rk 09.02.20 |,2611,Speedcast GSI Gov,,,
VERIFIED,5/15/2020,Ed Lapasota,Unit in house | Verified In House 05.15.20,2612,Speedcast GSI Gov,,,
SHIPPED,5/15/2020,Ed Lapasota,Unit in house | Shipping to MLCA 05.15.20,2613,Speedcast GSI Gov,,,
VERIFIED,5/15/2020,Ed Lapasota,Unit in house | Verified In House 05.15.20,2614,Speedcast GSI Gov,,,
VERIFIED,5/15/2020,Ed Lapasota,Unit in house | Verified In House ,2615,Speedcast GSI Gov,,,
VERIFIED,9/2/2020,Ed Lapasota, CART - TEST 09.02.20 |,2615,Speedcast GSI Gov,,,
VERIFIED,5/15/2020,Ed Lapasota,Unit in house | Shipping to MLCA 05.15.20,2616,MCLA,,,
VERIFIED,5/15/2020,Ed Lapasota,Unit in house | Verified In House 05.15.20,2617,Speedcast GSI Gov,,,
VERIFIED,5/15/2020,Ed Lapasota,Unit in house - Verified In House ,2618,Speedcast GSI Gov,,,
VERIFIED,5/15/2020,Ed Lapasota, Shipped to QFI 06.19.20 ,2618,QFI,,,
SHIPPED,9/2/2020,Ed Lapasota,TO BE RETURNED FOR REPAIR,2619,Speedcast GSI Gov,,,
SHIPPED,9/2/2020,Ed Lapasota,TO BE RETURNED FOR REPAIR,2620,Speedcast GSI Gov,,,
VERIFIED,7/9/2020,Ed Lapasota,Returned from QJA - John Kayanek Return to vendor (Pressure window) - 7/9/20,2621,Speedcast GSI Gov,,,
RETURNED,7/9/2020,Ed Lapasota,Returned from QJA - John Kayanek - 7/9/20,2622,Speedcast GSI Gov,,,
VERIFIED,9/2/2020,Ed Lapasota,INV.09.02.20 |,2623,Speedcast GSI Gov,,,
VERIFIED,9/2/2020,Ed Lapasota,MARYLAND SPARES,2624,Speedcast GSI Gov,,,
VERIFIED,9/2/2020,Ed Lapasota,MARYLAND SPARES,2625,Speedcast GSI Gov,,,
SHIPPED,3/11/2020,Ed Lapasota,Shipped to EYW 03.11.20,2626,Speedcast GSI Gov,,,
VERIFIED,9/2/2020,Ed Lapasota,In-House ,2627,Speedcast GSI Gov,,,
SHIPPED,3/11/2020,Ed Lapasota,Shipped to EYW 03.11.20,2628,EYW,,,
RETURNED,9/2/2020,Ed Lapasota,Unit returned to vendor - RMA 41319,2629,Speedcast GSI Gov,41319,,
RETURNED,9/2/2020,Ed Lapasota,Unit in house - LOCATE BUC?????,2630,Unknown,,,
RETURNED,9/2/2020,Ed Lapasota,units being returned to CPI to incorporate latest REVISIONS - Fault   RMA 41322,2631,Speedcast GSI Gov,41322,,
RETURNED,9/2/2020,Ed Lapasota,units being returned to CPI to incorporate latest REVISIONS - Fault,2632,Speedcast GSI Gov,41318,,
FAILED,9/2/2020,Ed Lapasota,Broken DC Conector  ,2633,Speedcast GSI Gov,41321,,
RETURNED,9/2/2020,Ed Lapasota,units being returned to CPI to incorporate latest REVISIONS - Fault,2634,Speedcast GSI Gov,41320,,
VERIFIED,5/15/2020,Ed Lapasota,In House 05.15.20,2635,Speedcast GSI Gov,,,
RETURNED,5/15/2020,Ed Lapasota,Unit returned to vendor,2636,Comtech,41323,,
VERIFIED,5/15/2020,Ed Lapasota,Unit in house | In House 05.15.20,2637,Speedcast GSI Gov,,,
VERIFIED,9/2/2020,Ed Lapasota,Unit in house,2638,Speedcast GSI Gov,,,
VERIFIED,2/4/2019,Ed Lapasota,1 Shipped to CTY on 2/4/19.  3 Units in house,2639,Speedcast GSI Gov,,,
VERIFIED,9/2/2020,Ed Lapasota,Unit in house,2640,Speedcast GSI Gov,,,
VERIFIED,9/2/2020,Ed Lapasota,Unit in house,2641,Speedcast GSI Gov,,,
VERIFIED,9/2/2020,Ed Lapasota,,2642,Speedcast GSI Gov,,,
VERIFIED,9/2/2020,Ed Lapasota,,2643,Speedcast GSI Gov,,,
VERIFIED,9/2/2020,Ed Lapasota,,2644,Speedcast GSI Gov,,,
VERIFIED,9/2/2020,Ed Lapasota,,2645,Speedcast GSI Gov,,,
VERIFIED,9/2/2020,Ed Lapasota,,2646,Speedcast GSI Gov,,,
VERIFIED,9/2/2020,Ed Lapasota,,2647,Speedcast GSI Gov,,,
VERIFIED,9/2/2020,Ed Lapasota,,2648,Speedcast GSI Gov,,,
VERIFIED,9/2/2020,Ed Lapasota,,2649,Speedcast GSI Gov,,,
MISSING,9/2/2020,Ed Lapasota,MISSING DESICCANT BOTTLE 09.02.20 |,2650,Unknown,,,
VERIFIED,9/2/2020,Ed Lapasota,,2651,Unknown,,,
MISSING,9/2/2020,Ed Lapasota,MISSING DESICCANT BOTTLE 09.02.20 |,2652,Unknown,,,
VERIFIED,9/2/2020,Ed Lapasota,Unit in house,2653,Speedcast GSI Gov,,,
OBSOLETE,9/2/2020,Ed Lapasota,"Obsolete, not required",2654,Speedcast GSI Gov,,,
VERIFIED,9/2/2020,Ed Lapasota,,2655,Speedcast GSI Gov,,,
VERIFIED,9/2/2020,Ed Lapasota,Unit in test bed EQ#3,2656,Speedcast GSI Gov,,,
SHIPPED,8/11/2020,Ed Lapasota,Unit in test rack warehouse | Shipping to ZBV 8/11/20 | ,2657,ZBV,,,
VERIFIED,9/2/2020,Ed Lapasota,Unit in test rack warehouse | ,2658,Speedcast GSI Gov,,,
SHIPPED,1/23/2020,Ed Lapasota,Shipped to BHF - Alan Danvers 01.23.20,2659,BHF,,,
VERIFIED,9/2/2020,Ed Lapasota,Unit in house (To be located),2660,Unknown,,,
VERIFIED,9/2/2020,Ed Lapasota,Unit in house (To be located),2661,Unknown,,,
VERIFIED,9/2/2020,Ed Lapasota,Unit in house (To be located),2662,Unknown,,,
VERIFIED,9/2/2020,Ed Lapasota,Unit in house (To be located),2663,Unknown,,,
VERIFIED,9/2/2020,Ed Lapasota,Labeled Fly Away  (SRT750 Series),2664,Speedcast GSI Gov,,,
VERIFIED,8/11/2020,Ed Lapasota,"Spare| Failed unit, received ""Fan Not Working"" Staged for RTV 8/11/20 |",2665,Speedcast GSI Gov,,,
VERIFIED,9/2/2020,Ed Lapasota,Unit in house,2666,Speedcast GSI Gov,,,
VERIFIED,9/2/2020,Ed Lapasota,Unit in house - OLD (USED) 09.02.20 |,2667,Speedcast GSI Gov,,,
VERIFIED,9/2/2020,Ed Lapasota,Unit in house,2668,Speedcast GSI Gov,,,
VERIFIED,9/2/2020,Ed Lapasota,Unit in house,2669,Speedcast GSI Gov,,,
VERIFIED,9/2/2020,Ed Lapasota,Unit in house | Awaiting parts to complete 2 feed builds 09.02.20 |,2670,Speedcast GSI Gov,,,
VERIFIED,9/2/2020,Ed Lapasota,Unit in house,2671,Speedcast GSI Gov,,,
VERIFIED,9/2/2020,Ed Lapasota,Unit in house,2672,Speedcast GSI Gov,,,
VERIFIED,9/2/2020,Ed Lapasota,,2673,Speedcast GSI Gov,,,
VERIFIED,9/2/2020,Ed Lapasota,Unit in house 09.02.20 |,2674,Speedcast GSI Gov,,,
VERIFIED,9/2/2020,Ed Lapasota,Unit in house 09.02.20 |,2675,Speedcast GSI Gov,,,
VERIFIED,9/2/2020,Ed Lapasota,Unit in house 09.02.20 |,2676,Speedcast GSI Gov,,,
VERIFIED,9/2/2020,Ed Lapasota,Unit in house 09.02.20 |,2677,Speedcast GSI Gov,,,
VERIFIED,9/2/2020,Ed Lapasota,Unit in house 09.02.20 |,2678,Speedcast GSI Gov,,,
VERIFIED,9/2/2020,Ed Lapasota,Unit in house 09.02.20 |,2679,Speedcast GSI Gov,,,
VERIFIED,9/2/2020,Ed Lapasota,unit in house ,2680,Speedcast GSI Gov,,,
VERIFIED,9/2/2020,Ed Lapasota,"Unit in house | 4 Old with AC molex Pin, 4 New with AC connector 09.02.20 |",2681,Speedcast GSI Gov,,,
VERIFIED,9/2/2020,Ed Lapasota,Unit in house,2682,Speedcast GSI Gov,,,
VERIFIED,9/2/2020,Ed Lapasota,material in house stored in GNSC warehouse,2683,GNSC,,,
VERIFIED,9/2/2020,Ed Lapasota,material in house stoted in GNSC warehouse,2684,GNSC,,,
VERIFIED,9/2/2020,Ed Lapasota,to be recycled at a later date,2685,Speedcast GSI Gov,,,
VERIFIED,9/2/2020,Ed Lapasota,Unit in house,2686,Speedcast GSI Gov,,,
VERIFIED,9/2/2020,Ed Lapasota,Unit in house,2687,Speedcast GSI Gov,,,
VERIFIED,9/2/2020,Ed Lapasota,Unit in house,2688,Speedcast GSI Gov,,,
VERIFIED,9/2/2020,Ed Lapasota,Unit in house,2689,Speedcast GSI Gov,,,
VERIFIED,9/2/2020,Ed Lapasota,Unit in house,2690,Speedcast GSI Gov,,,
VERIFIED,9/2/2020,Ed Lapasota,Unit in house - USED,2691,Speedcast GSI Gov,,,
VERIFIED,9/2/2020,Ed Lapasota,Unit in house - NEW,2692,Speedcast GSI Gov,,,
VERIFIED,9/2/2020,Ed Lapasota,,2693,Speedcast GSI Gov,,,
VERIFIED,9/2/2020,Ed Lapasota,Unit in house - NEW,2694,Speedcast GSI Gov,,,
SHIPPED,7/7/2020,Ed Lapasota,Shipped to ZBV 07.07.20,2695,Speedcast GSI Gov,,,
FAILED,9/2/2020,Ed Lapasota,"FAILED **Doesn't Switch** OLD (MAY TRASH, CONFIRM WITH ED",2696,Speedcast GSI Gov,,,
VERIFIED,9/2/2020,Ed Lapasota,Unit in house - NEW,2697,Speedcast GSI Gov,,,
VERIFIED,9/2/2020,Ed Lapasota,Unit in house - OLD (USED),2698,Speedcast GSI Gov,,,
VERIFIED,9/2/2020,Ed Lapasota,Unit in house - NEW,2699,Speedcast GSI Gov,,,
VERIFIED,9/2/2020,Ed Lapasota,Unit in house,2700,Speedcast GSI Gov,,,
VERIFIED,9/2/2020,Ed Lapasota,Unit in house - NEW,2701,Speedcast GSI Gov,,,
VERIFIED,9/2/2020,Ed Lapasota,Unit in house - NEW,2702,Speedcast GSI Gov,,,
VERIFIED,9/2/2020,Ed Lapasota,Unit in house - NEW,2703,Speedcast GSI Gov,,,
VERIFIED,9/2/2020,Ed Lapasota,Unit in house - NEW,2704,Speedcast GSI Gov,,,
VERIFIED,9/2/2020,Ed Lapasota,Unit in house - NEW,2705,Speedcast GSI Gov,,,
VERIFIED,9/2/2020,Ed Lapasota,Unit in house - USED,2706,Speedcast GSI Gov,,,
VERIFIED,9/2/2020,Ed Lapasota,Unit in house - NEW,2707,Speedcast GSI Gov,,,
VERIFIED,9/2/2020,Ed Lapasota,Unit in house - USED (LIGHTLY),2708,Speedcast GSI Gov,,,
VERIFIED,9/2/2020,Ed Lapasota,Unit in house - NEW - SCREW ON COVER,2709,Speedcast GSI Gov,,,
VERIFIED,9/2/2020,Ed Lapasota,Unit in house - NEW - SCREW ON COVER,2710,Speedcast GSI Gov,,,
VERIFIED,9/2/2020,Ed Lapasota,,2711,Speedcast GSI Gov,,,
VERIFIED,9/2/2020,Ed Lapasota,,2712,Speedcast GSI Gov,,,
VERIFIED,9/2/2020,Ed Lapasota,Unit in house - NEW - SCREW ON COVER,2713,Speedcast GSI Gov,,,
VERIFIED,9/2/2020,Ed Lapasota,Unit in house - NEW - SCREW ON COVER,2714,Speedcast GSI Gov,,,
VERIFIED,7/9/2020,Ed Lapasota,Returned from QJA - John Kayanek (part of spare feed Assy),2715,Speedcast GSI Gov,,,
VERIFIED,9/2/2020,Ed Lapasota,TEST RACK 09.02.20 |,2716,Speedcast GSI Gov,,,
VERIFIED,9/2/2020,Ed Lapasota,Unit in house - Used,2717,Speedcast GSI Gov,,,
VERIFIED,9/2/2020,Ed Lapasota,,2718,Speedcast GSI Gov,,,
VERIFIED,9/2/2020,Ed Lapasota,Unit in house - NEW,2719,Speedcast GSI Gov,,,
VERIFIED,9/2/2020,Ed Lapasota,TEST RACK 09.02.20 |,2720,Speedcast GSI Gov,,,
VERIFIED,9/2/2020,Ed Lapasota,,2721,Speedcast GSI Gov,,,
VERIFIED,9/2/2020,Ed Lapasota,Unit in house - NEW,2722,Speedcast GSI Gov,,,
VERIFIED,9/2/2020,Ed Lapasota,,2723,Speedcast GSI Gov,,,
VERIFIED,9/2/2020,Ed Lapasota,,2724,Speedcast GSI Gov,,,
VERIFIED,9/2/2020,Ed Lapasota,,2725,Speedcast GSI Gov,,,
VERIFIED,9/2/2020,Ed Lapasota,,2726,Speedcast GSI Gov,,,
VERIFIED,9/2/2020,Ed Lapasota,,2727,Speedcast GSI Gov,,,
VERIFIED,9/2/2020,Ed Lapasota,,2728,Speedcast GSI Gov,,,
OBSOLETE,9/2/2020,Ed Lapasota,OBSOLETE USED WITH OLD PARADISE CONTROLLERS,2729,Speedcast GSI Gov,,,
OBSOLETE,9/2/2020,Ed Lapasota,OBSOLETE USED WITH OLD PARADISE CONTROLLERS,2730,Speedcast GSI Gov,,,
VERIFIED,9/2/2020,Ed Lapasota,Unit in house STORED AT GNSC,2731,Speedcast GSI Gov,,,
VERIFIED,9/2/2020,Ed Lapasota,,2732,Speedcast GSI Gov,,,
VERIFIED,6/5/2020,Ed Lapasota,Unit in house Verified 06.05.20,2733,Speedcast GSI Gov,,,
VERIFIED,6/5/2020,Ed Lapasota,Unit in house Verified 06.05.20,2734,Speedcast GSI Gov,,,
VERIFIED,6/5/2020,Ed Lapasota,Unit in house Verified 06.05.20,2735,Speedcast GSI Gov,,,
VERIFIED,6/5/2020,Ed Lapasota,Unit in house Verified 06.05.20,2736,Speedcast GSI Gov,,,
VERIFIED,6/5/2020,Ed Lapasota,Unit in house Verified 06.05.20,2737,Speedcast GSI Gov,,,
VERIFIED,9/2/2020,Ed Lapasota,Fully populated FXS/XFO Shelf with (1) ringer module and spare 6131A Modules,2738,Speedcast GSI Gov,,,
VERIFIED,9/2/2020,Ed Lapasota,Unit in house,2739,Speedcast GSI Gov,,,
VERIFIED,9/2/2020,Ed Lapasota,Unit in house,2740,Speedcast GSI Gov,,,
VERIFIED,9/2/2020,Ed Lapasota,Unit in house,2741,Speedcast GSI Gov,,,
VERIFIED,9/2/2020,Ed Lapasota,Unit in house,2742,Speedcast GSI Gov,,,
VERIFIED,9/2/2020,Ed Lapasota,Unit in house,2743,Speedcast GSI Gov,,,
VERIFIED,9/2/2020,Ed Lapasota,Unit in house,2744,Speedcast GSI Gov,,,
VERIFIED,9/2/2020,Ed Lapasota,Unit in house,2745,Speedcast GSI Gov,,,
VERIFIED,9/2/2020,Ed Lapasota,Unit in house,2746,Speedcast GSI Gov,,,
VERIFIED,9/2/2020,Ed Lapasota,,2747,Speedcast GSI Gov,,,
VERIFIED,9/2/2020,Ed Lapasota,Unit in house,2748,Speedcast GSI Gov,,,
VERIFIED,9/2/2020,Ed Lapasota,Unit in house,2749,Speedcast GSI Gov,,,
VERIFIED,9/2/2020,Ed Lapasota,Unit in house,2750,Speedcast GSI Gov,,,
VERIFIED,9/2/2020,Ed Lapasota,,2751,Speedcast GSI Gov,,,
VERIFIED,9/2/2020,Ed Lapasota,,2752,Speedcast GSI Gov,,,
VERIFIED,9/2/2020,Ed Lapasota,,2753,Speedcast GSI Gov,,,
VERIFIED,9/2/2020,Ed Lapasota,in  House,2754,Speedcast GSI Gov,,,
VERIFIED,9/2/2020,Ed Lapasota,in  House,2755,Speedcast GSI Gov,,,
VERIFIED,9/2/2020,Ed Lapasota,in  House,2756,Speedcast GSI Gov,,,
VERIFIED,9/2/2020,Ed Lapasota,in  House,2757,Speedcast GSI Gov,,,
VERIFIED,9/2/2020,Ed Lapasota,"2 Flyaway is GSI NY, 1 Flyaway is TSS Melbourne FL",2758,TSS,,,
SHIPPED,9/2/2020,Ed Lapasota,"(1) deployed to BHF (,1) deployed to MYAF",2759,MYAF,,,
VERIFIED,9/2/2020,Ed Lapasota,Equipment Located at GSM Maryland,2760,GSM,,,
VERIFIED,9/2/2020,Ed Lapasota,"Equipment Located at TSS Melbourne, FL",2761,TSS,,,
VERIFIED,9/2/2020,Ed Lapasota,,2762,Speedcast GSI Gov,,,
VERIFIED,9/2/2020,Ed Lapasota,,2763,Speedcast GSI Gov,,,
VERIFIED,9/2/2020,Ed Lapasota,,2764,Speedcast GSI Gov,,,
VERIFIED,9/2/2020,Ed Lapasota,,2765,Speedcast GSI Gov,,,
VERIFIED,9/2/2020,Ed Lapasota,,2766,Speedcast GSI Gov,,,
SHIPPED,2/14/2020,Ed Lapasota,Sent 1 to ZSU 02.14.20,2767,ZSU,,,
SHIPPED,2/14/2020,Ed Lapasota,Sent to ZSU 02.14.20,2768,ZSU,,,
VERIFIED,11/14/2019,Ed Lapasota,new black ones - Sent to vendor 11/14/19 - RMA P-210,2769,Speedcast GSI Gov,P-210,,
VERIFIED,9/2/2020,Ed Lapasota,Old whte ones,2770,Speedcast GSI Gov,,,
VERIFIED,9/2/2020,Ed Lapasota,In-House 09.02.20 |,2771,Speedcast GSI Gov,,,
VERIFIED,9/2/2020,Ed Lapasota,In-House 09.02.20 |,2772,Speedcast GSI Gov,,,
VERIFIED,9/2/2020,Ed Lapasota,In-House 09.02.20 |,2773,Speedcast GSI Gov,,,
VERIFIED,9/2/2020,Ed Lapasota,In-House 09.02.20 |,2774,Speedcast GSI Gov,,,
SHIPPED,2/25/2020,Ed Lapasota,To be used for in-house testing only-DO NOT DEPLOY TO FIELD  - Returned to vendor ,2775,Speedcast GSI Gov,,,
RETURNED,5/15/2020,Ed Lapasota,In House 05.15.19,2775,Speedcast GSI Gov,,,
SHIPPED,2/25/2020,Ed Lapasota,To be used for in-house testing only-DO NOT DEPLOY TO FIELD  - Returned to vendor 02.25.20 | In House 05.15.20,2776,Speedcast GSI Gov,,,
RETURNED,5/15/2020,Ed Lapasota,To be used for in-house testing only-DO NOT DEPLOY TO FIELD  - Returned to vendor 02.25.20 | In House 05.15.20,2776,Speedcast GSI Gov,,,
SHIPPED,2/25/2020,Ed Lapasota,To be used for in-house testing only-DO NOT DEPLOY TO FIELD  -In House - Returned from Vendor 05.15.20 ,2777,Speedcast GSI Gov,,,
RETURNED,5/15/2020,Ed Lapasota,To be used for in-house testing only-DO NOT DEPLOY TO FIELD  -In House - Returned from Vendor 05.15.20 ,2777,Speedcast GSI Gov,,,
VERIFIED,9/2/2020,Ed Lapasota,,2778,Speedcast GSI Gov,,,
VERIFIED,9/2/2020,Ed Lapasota,,2779,Speedcast GSI Gov,,,
VERIFIED,9/2/2020,Ed Lapasota,,2780,Speedcast GSI Gov,,,
VERIFIED,9/2/2020,Ed Lapasota,,2781,Speedcast GSI Gov,,,
VERIFIED,9/2/2020,Ed Lapasota,,2782,Speedcast GSI Gov,,,
VERIFIED,9/2/2020,Ed Lapasota,,2783,Speedcast GSI Gov,,,
VERIFIED,9/2/2020,Ed Lapasota,,2784,Speedcast GSI Gov,,,
VERIFIED,9/2/2020,Ed Lapasota,,2785,Speedcast GSI Gov,,,
VERIFIED,9/2/2020,Ed Lapasota,,2786,Speedcast GSI Gov,,,
VERIFIED,9/2/2020,Ed Lapasota,,2787,Speedcast GSI Gov,,,
VERIFIED,9/2/2020,Ed Lapasota,,2788,Speedcast GSI Gov,,,
VERIFIED,9/2/2020,Ed Lapasota,,2789,Speedcast GSI Gov,,,
VERIFIED,9/2/2020,Ed Lapasota,,2790,Speedcast GSI Gov,,,
VERIFIED,9/2/2020,Ed Lapasota,,2791,Speedcast GSI Gov,,,
VERIFIED,9/2/2020,Ed Lapasota,,2792,Speedcast GSI Gov,,,
VERIFIED,9/2/2020,Ed Lapasota,,2793,Speedcast GSI Gov,,,
VERIFIED,9/2/2020,Ed Lapasota,,2794,Speedcast GSI Gov,,,
VERIFIED,9/2/2020,Ed Lapasota,,2795,Speedcast GSI Gov,,,
VERIFIED,9/2/2020,Ed Lapasota,,2796,Speedcast GSI Gov,,,
VERIFIED,9/2/2020,Ed Lapasota,,2797,Speedcast GSI Gov,,,
VERIFIED,9/2/2020,Ed Lapasota,,2798,Speedcast GSI Gov,,,
VERIFIED,9/2/2020,Ed Lapasota,,2799,Speedcast GSI Gov,,,
SHIPPED,9/2/2020,Ed Lapasota,Shipping to EMI - TBD,2800,EMI Gateway,,,
SHIPPED,9/2/2020,Ed Lapasota,Shipping to CMA,2801,CMA,,,
SHIPPED,9/2/2020,Ed Lapasota,Shipping to CMA,2802,CMA,,,
RETURNED,9/2/2020,Ed Lapasota,Returned to Vendor - WRCA,2803,WRCA,,,
RETURNED,9/2/2020,Ed Lapasota,Returned to Vendor - WRCA,2804,WRCA,,,
SHIPPED,9/2/2020,Ed Lapasota,NO RS422 Interface PIGGYBACK CARD | Shipping to EMI - TBD,2805,EMI Gateway,,,
SHIPPED,9/2/2020,Ed Lapasota,NO RS422 Interface PIGGYBACK CARD | Shipping to CMA - TBD,2806,CMA,,,
SHIPPED,9/2/2020,Ed Lapasota,NO RS422 Interface PIGGYBACK CARD | Shipping to EMI - TBD,2807,EMI Gateway,,,
SHIPPED,9/2/2020,Ed Lapasota,NO RS422 Interface PIGGYBACK CARD | Shipping to CMA - TBD,2808,CMA,,,
SHIPPED,9/2/2020,Ed Lapasota,NO RS422 Interface PIGGYBACK CARD,2809,Speedcast GSI Gov,,,
SHIPPED,9/2/2020,Ed Lapasota,NO RS422 Interface PIGGYBACK CARD,2810,Speedcast GSI Gov,,,
SHIPPED,9/2/2020,Ed Lapasota,,2811,Speedcast GSI Gov,,,
SHIPPED,9/2/2020,Ed Lapasota,,2812,Speedcast GSI Gov,,,
SHIPPED,9/2/2020,Ed Lapasota,,2813,Speedcast GSI Gov,,,
SHIPPED,9/2/2020,Ed Lapasota,,2814,Speedcast GSI Gov,,,
SHIPPED,9/2/2020,Ed Lapasota,,2815,Speedcast GSI Gov,,,
SHIPPED,9/2/2020,Ed Lapasota,,2816,Speedcast GSI Gov,,,
SHIPPED,9/2/2020,Ed Lapasota,,2817,Speedcast GSI Gov,,,
SHIPPED,9/2/2020,Ed Lapasota,,2818,Speedcast GSI Gov,,,
SHIPPED,9/2/2020,Ed Lapasota,,2819,Speedcast GSI Gov,,,
SHIPPED,9/2/2020,Ed Lapasota,,2820,Speedcast GSI Gov,,,
SHIPPED,9/2/2020,Ed Lapasota,,2821,Speedcast GSI Gov,,,
SHIPPED,9/2/2020,Ed Lapasota,IN-House,2822,Speedcast GSI Gov,,,
SHIPPED,9/2/2020,Ed Lapasota,IN-House,2823,Speedcast GSI Gov,,,
SHIPPED,9/2/2020,Ed Lapasota,,2824,Speedcast GSI Gov,,,
SHIPPED,9/2/2020,Ed Lapasota,IN-House,2825,Speedcast GSI Gov,,,
SHIPPED,3/11/2020,Ed Lapasota,Shipped to QUZ 03.11.20,2826,QUZ,,,
SHIPPED,9/2/2020,Ed Lapasota,IN-House,2827,Speedcast GSI Gov,,,
SHIPPED,9/2/2020,Ed Lapasota,IN-House,2828,Speedcast GSI Gov,,,
SHIPPED,9/2/2020,Ed Lapasota,IN-House,2829,Speedcast GSI Gov,,,
SHIPPED,9/2/2020,Ed Lapasota,IN-House,2830,Speedcast GSI Gov,,,
SHIPPED,9/2/2020,Ed Lapasota,IN-House,2831,Speedcast GSI Gov,,,
SHIPPED,6/5/2020,Ed Lapasota,CPV RACK 06.05.20,2832,Speedcast GSI Gov,,,
SHIPPED,6/5/2020,Ed Lapasota,NQX RACK 06.05.20 | Received 06.08.20 ,2833,Speedcast GSI Gov,,,
SHIPPED,9/2/2020,Ed Lapasota,In-House,2834,Speedcast GSI Gov,,,
SHIPPED,9/2/2020,Ed Lapasota,IN-House,2835,Speedcast GSI Gov,,,
SHIPPED,9/2/2020,Ed Lapasota,IN-House,2836,Speedcast GSI Gov,,,
SHIPPED,9/2/2020,Ed Lapasota,IN-House,2837,Speedcast GSI Gov,,,
SHIPPED,9/2/2020,Ed Lapasota,IN-House,2838,Speedcast GSI Gov,,,
SHIPPED,9/2/2020,Ed Lapasota,IN-House,2839,Speedcast GSI Gov,,,
SHIPPED,9/2/2020,Ed Lapasota,IN-House,2840,Speedcast GSI Gov,,,
SHIPPED,9/2/2020,Ed Lapasota,IN-House,2841,Speedcast GSI Gov,,,
SHIPPED,9/2/2020,Ed Lapasota,IN-House,2842,Speedcast GSI Gov,,,
SHIPPED,9/2/2020,Ed Lapasota,IN-House,2843,Speedcast GSI Gov,,,
SHIPPED,9/2/2020,Ed Lapasota,IN-House,2844,Speedcast GSI Gov,,,
MISSING,9/2/2020,Ed Lapasota,VERIFY LOCATON,2845,UNK,,,
SHIPPED,9/2/2020,Ed Lapasota,IN-House,2846,Speedcast GSI Gov,,,
SHIPPED,9/2/2020,Ed Lapasota,IN-House,2847,Speedcast GSI Gov,,,
SHIPPED,9/2/2020,Ed Lapasota,IN-House,2848,Speedcast GSI Gov,,,
SHIPPED,9/2/2020,Ed Lapasota,IN-House,2849,Speedcast GSI Gov,,,
SHIPPED,9/2/2020,Ed Lapasota,IN-House,2850,Speedcast GSI Gov,,,
SHIPPED,9/2/2020,Ed Lapasota,IN-House,2851,Speedcast GSI Gov,,,
SHIPPED,9/2/2020,Ed Lapasota,IN-House,2852,BHF,,,
SHIPPED,9/2/2020,Ed Lapasota,Test Rack - BHF,2853,Speedcast GSI Gov,,,
SHIPPED,9/2/2020,Ed Lapasota,IN-House,2854,Speedcast GSI Gov,,,
SHIPPED,9/2/2020,Ed Lapasota,IN-House,2855,Speedcast GSI Gov,,,
RETURNED,6/15/2020,Ed Lapasota,SCG TEST RACK 05.21.20 | shipped to QJA 5.29.20 | 6.15.20 returned from QJA | IN-House,2856,SCG,,,
SHIPPED,3/31/2020,Ed Lapasota,"Shipped to QJA 01.17.20, GDT 03.31.20",2857,QJA,,,
SHIPPED,1/29/2020,Ed Lapasota,Shipped to QUZ 01.29.20,2858,GUZ,,,
SHIPPED,4/17/2020,Ed Lapasota,Shipped to QOM ,2859,QOM,,,
SHIPPED,6/4/2020,Ed Lapasota,Shipped to QOM ,2859,QOM,,,
TESTING,9/2/2020,Ed Lapasota,Pre-testing in FAA-TB Rack EQ #3 -,2860,Speedcast GSI Gov,,,
SHIPPED,9/2/2020,Ed Lapasota,SHIPPING TO QXU TBD |,2861,QXU,,,
SHIPPED,3/27/2020,Ed Lapasota,Shipped to GGW 03.27.20 | Returned from GGW 09.02.20 |,2862,GGW,,,
RETURNED,9/2/2020,Ed Lapasota,Shipped to GGW 03.27.20 | Returned from GGW 09.02.20 |,2862,Speedcast GSI Gov,,,
MISSING,9/2/2020,Ed Lapasota,Verify Location,2863,Speedcast GSI Gov,,,
TESTING,9/2/2020,Ed Lapasota,Return from ZIN to be tested,2864,Speedcast GSI Gov,,,
VERIFIED,9/2/2020,Ed Lapasota,RTV 13315,2865,Speedcast GSI Gov,,13315,
SHIPPED,4/17/2020,Ed Lapasota,Shipped to RSW 04.17.20,2866,RSW,,,
SHIPPED,5/21/2020,Ed Lapasota,Shipped to QJA ,2867,QJA,,,
RETURNED,6/15/2020,Ed Lapasota,Returned from Bill 0'Hare | Test Rack |,2867,Speedcast GSI Gov,,,
VERIFIED,9/2/2020,Ed Lapasota,,2868,Speedcast GSI Gov,,,
RETURNED,6/15/2020,Ed Lapasota,Returned from John Kayanek 06.15.20 ,2869,Speedcast GSI Gov,,,
RETURNED,7/9/2020,Ed Lapasota,Returned from QJA - John Kayanek - 7/9/20 | Test Rack |,2870,Speedcast GSI Gov,,,
RETURNED,9/2/2020,Ed Lapasota,Return from Harris Mobile Gateway (LOADED) 063020,2871,Speedcast GSI Gov,,,
RETURNED,9/2/2020,Ed Lapasota,Return from Harris Mobile Gateway (LOADED) 063020,2872,Speedcast GSI Gov,,,
RETURNED,9/2/2020,Ed Lapasota,Return from Harris Mobile Gateway (LOADED) 063020,2873,Speedcast GSI Gov,,,
RETURNED,9/2/2020,Ed Lapasota,Return from Harris Mobile Gateway (LOADED) 063020,2874,Speedcast GSI Gov,,,
VERIFIED,9/2/2020,Ed Lapasota,In-House,2875,Speedcast GSI Gov,,,
VERIFIED,9/2/2020,Ed Lapasota,In-House,2876,Speedcast GSI Gov,,,
VERIFIED,9/2/2020,Ed Lapasota,In-House,2877,Speedcast GSI Gov,,,
VERIFIED,9/2/2020,Ed Lapasota,In-House,2878,Speedcast GSI Gov,,,
VERIFIED,9/2/2020,Ed Lapasota,In-House,2879,Speedcast GSI Gov,,,
VERIFIED,9/2/2020,Ed Lapasota,In-House,2880,Speedcast GSI Gov,,,
VERIFIED,9/2/2020,Ed Lapasota,In-House,2881,Speedcast GSI Gov,,,
VERIFIED,9/2/2020,Ed Lapasota,In-House,2882,Speedcast GSI Gov,,,
VERIFIED,9/2/2020,Ed Lapasota,In-House,2883,Speedcast GSI Gov,,,
RETURNED,6/15/2020,Ed Lapasota,06.15.20 Returned from Bill 0'Hare,2884,Speedcast GSI Gov,,,
VERIFIED,9/2/2020,Ed Lapasota,In-House,2885,Speedcast GSI Gov,,,
VERIFIED,9/2/2020,Ed Lapasota,In-House,2886,Speedcast GSI Gov,,,
VERIFIED,9/2/2020,Ed Lapasota,In-House,2887,Speedcast GSI Gov,,,
VERIFIED,9/2/2020,Ed Lapasota,No GDC SN's on cards.  SN's assigned by GSI,2888,Speedcast GSI Gov,,,
VERIFIED,9/2/2020,Ed Lapasota,No GDC SN's on cards.  SN's assigned by GSI,2889,Speedcast GSI Gov,,,
VERIFIED,9/2/2020,Ed Lapasota,No GDC SN's on cards.  SN's assigned by GSI,2890,Speedcast GSI Gov,,,
VERIFIED,6/3/2020,Ed Lapasota,PiggyBack Removed from card - In House 06.03.20,2891,Speedcast GSI Gov,,,
RETURNED,7/9/2020,Ed Lapasota,Returned from QJA - John Kayanek - 7/9/20,2892,Speedcast GSI Gov,,,
SHIPPED,7/9/2020,Ed Lapasota,Shipping to QXU - TBD |,2893,QXU,,,
VERIFIED,9/2/2020,Ed Lapasota,In-House ,2894,Speedcast GSI Gov,,,
VERIFIED,9/2/2020,Ed Lapasota,In-House ,2895,Speedcast GSI Gov,,,
VERIFIED,9/2/2020,Ed Lapasota,In-House ,2896,Speedcast GSI Gov,,,
VERIFIED,9/2/2020,Ed Lapasota,In-House ,2897,Speedcast GSI Gov,,,
VERIFIED,9/2/2020,Ed Lapasota,In-House ,2898,Speedcast GSI Gov,,,
VERIFIED,9/2/2020,Ed Lapasota,In-House ,2899,Speedcast GSI Gov,,,
VERIFIED,9/2/2020,Ed Lapasota,In-House ,2900,Speedcast GSI Gov,,,
MISSING,9/2/2020,Ed Lapasota,Verify Location,2901,Speedcast GSI Gov,,,
VERIFIED,9/2/2020,Ed Lapasota,In-House ,2902,Speedcast GSI Gov,,,
VERIFIED,9/2/2020,Ed Lapasota,In-House ,2903,Speedcast GSI Gov,,,
VERIFIED,9/2/2020,Ed Lapasota,,2904,Speedcast GSI Gov,,,
RETURNED,6/1/2020,Ed Lapasota,Returned From GDC 06.01.20 |  Assigned to CPV 06.02.20 |,2905,Speedcast GSI Gov,,,
ASSIGNED,6/2/2020,Ed Lapasota,Returned From GDC 06.01.20 |  Assigned to CPV 06.02.20 |,2905,Speedcast GSI Gov,,,
RETURNED,6/1/2020,Ed Lapasota,Returned From GDC 06.01.20 |  ,2906,Speedcast GSI Gov,,,
MISSING,9/2/2020,Ed Lapasota,Verify Location,2907,Speedcast GSI Gov,,,
VERIFIED,9/2/2020,Ed Lapasota,In-House ,2908,Speedcast GSI Gov,,,
VERIFIED,9/2/2020,Ed Lapasota,In-House ,2909,Speedcast GSI Gov,,,
VERIFIED,9/2/2020,Ed Lapasota,In-House ,2910,Speedcast GSI Gov,,,
VERIFIED,9/2/2020,Ed Lapasota,In-House ,2911,Speedcast GSI Gov,,,
VERIFIED,9/2/2020,Ed Lapasota,In-House ,2912,Speedcast GSI Gov,,,
VERIFIED,9/2/2020,Ed Lapasota,,2913,Speedcast GSI Gov,,,
VERIFIED,9/2/2020,Ed Lapasota,In-House,2914,Speedcast GSI Gov,,,
VERIFIED,9/2/2020,Ed Lapasota,,2915,Speedcast GSI Gov,,,
MISSING,9/2/2020,Ed Lapasota,Verify Location,2916,Speedcast GSI Gov,,,
VERIFIED,9/2/2020,Ed Lapasota,,2917,Speedcast GSI Gov,,,
SHIPPED,9/2/2020,Ed Lapasota,Shipping to QXU - TBD |,2918,Speedcast GSI Gov,,,
VERIFIED,9/2/2020,Ed Lapasota,,2919,Speedcast GSI Gov,,,
VERIFIED,9/2/2020,Ed Lapasota,,2920,Speedcast GSI Gov,,,
VERIFIED,9/2/2020,Ed Lapasota,,2921,Speedcast GSI Gov,,,
MISSING,9/2/2020,Ed Lapasota,Verify Location,2922,Speedcast GSI Gov,,,
VERIFIED,9/2/2020,Ed Lapasota,,2923,Speedcast GSI Gov,,,
VERIFIED,9/2/2020,Ed Lapasota,In-House ,2924,Speedcast GSI Gov,,,
VERIFIED,9/2/2020,Ed Lapasota,In-House ,2925,Speedcast GSI Gov,,,
SHIPPED,4/17/2020,Ed Lapasota,Shipped to QOM ,2926,OOM,,,
SHIPPED,4/17/2020,Ed Lapasota,Shipped to QOM,2926,OOM,,,
SHIPPED,3/27/2020,Ed Lapasota,Shipped to GGW,2927,Speedcast GSI Gov,,,
RETURNED,9/2/2020,Ed Lapasota,Returned from GGW ,2927,Speedcast GSI Gov,,,
FAILED,6/8/2020,Ed Lapasota,Failed during testing - Received in  06.08.20 |,2928,Speedcast GSI Gov,,,
MISSING,9/2/2020,Ed Lapasota,Verify Location,2929,Unknown,,,
VERIFIED,9/2/2020,Ed Lapasota,,2930,Speedcast GSI Gov,,,
VERIFIED,9/2/2020,Ed Lapasota,,2931,Speedcast GSI Gov,,,
VERIFIED,9/2/2020,Ed Lapasota,,2932,Speedcast GSI Gov,,,
VERIFIED,9/2/2020,Ed Lapasota,Return from ZIN to be tested,2933,Speedcast GSI Gov,,,
VERIFIED,9/2/2020,Ed Lapasota,Return from ZIN to be tested,2934,Speedcast GSI Gov,,,
VERIFIED,9/2/2020,Ed Lapasota,Return from ZIN to be tested Verify Location,2935,Speedcast GSI Gov,,,
VERIFIED,9/2/2020,Ed Lapasota,Return from ZIN to be tested,2936,Speedcast GSI Gov,,,
VERIFIED,9/2/2020,Ed Lapasota,RTV 13313 Verify Location,2937,Unknown,,,
VERIFIED,9/2/2020,Ed Lapasota,Return from ZSU to be tested | BHF TEST RACK |,2938,Speedcast GSI Gov,,,
VERIFIED,9/2/2020,Ed Lapasota,Return from ZSU to be tested,2939,Speedcast GSI Gov,,,
VERIFIED,6/5/2020,Ed Lapasota,Return from ZSU to be tested | In House 06.05.20 |,2940,Speedcast GSI Gov,,,
SHIPPED,3/11/2020,Ed Lapasota,Shipped to ZIN 03.11.20 | Returned from BHF |,2941,Speedcast GSI Gov,,,
RETURNED,1/6/2020,Ed Lapasota,Return from M. Feustel 1/6/20 - Add to Inventory,2942,Speedcast GSI Gov,,,
RETURNED,1/6/2020,Ed Lapasota,Return from M. Feustel 1/6/20 - Add to Inventory,2943,Speedcast GSI Gov,,,
RETURNED,1/6/2020,Ed Lapasota,Return from M. Feustel 1/6/20 - Add to Inventory,2944,Speedcast GSI Gov,,,
SHIPPED,6/5/2020,Ed Lapasota,Shipped to QJA 01.17.20 | In House 06.05.20 |,2945,Speedcast GSI Gov,,,
SHIPPED,6/5/2020,Ed Lapasota,Shipped to QJA 01.17.20 | In House 06.05.20 |,2945,Speedcast GSI Gov,,,
VERIFIED,9/2/2020,Ed Lapasota,In-House,2946,Unknown,,,
MISSING,9/2/2020,Ed Lapasota,In-House | WHERE?,2947,Speedcast GSI Gov,,,
VERIFIED,9/2/2020,Ed Lapasota,In-House,2948,Speedcast GSI Gov,,,
VERIFIED,9/2/2020,Ed Lapasota,In-House,2949,Speedcast GSI Gov,,,
VERIFIED,9/2/2020,Ed Lapasota,In-House,2950,Speedcast GSI Gov,,,
VERIFIED,9/2/2020,Ed Lapasota,In-House,2951,Speedcast GSI Gov,,,
VERIFIED,9/2/2020,Ed Lapasota,In-House,2952,Speedcast GSI Gov,,,
VERIFIED,9/2/2020,Ed Lapasota,In-House,2953,Speedcast GSI Gov,,,
VERIFIED,9/2/2020,Ed Lapasota,Returned from BHF | In-House,2954,Speedcast GSI Gov,,,
VERIFIED,9/2/2020,Ed Lapasota,Returned from BHF | In-House,2955,Speedcast GSI Gov,,,
VERIFIED,9/2/2020,Ed Lapasota,In-House,2956,Speedcast GSI Gov,,,
VERIFIED,9/2/2020,Ed Lapasota,In-House,2957,Speedcast GSI Gov,,,
MISSING,9/2/2020,Ed Lapasota,BHF TEST RACK,2958,Speedcast GSI Gov,,,
VERIFIED,9/2/2020,Ed Lapasota,In-House,2959,Speedcast GSI Gov,,,
VERIFIED,9/2/2020,Ed Lapasota,In-House,2960,Speedcast GSI Gov,,,
VERIFIED,9/2/2020,Ed Lapasota,Returned from BHF,2961,Speedcast GSI Gov,,,
VERIFIED,9/2/2020,Ed Lapasota,In-House | BHF TEST RACK,2962,Speedcast GSI Gov,,,
VERIFIED,9/2/2020,Ed Lapasota,In-House | BHF TEST RACK,2963,Speedcast GSI Gov,,,
VERIFIED,9/2/2020,Ed Lapasota,In-House ,2964,Speedcast GSI Gov,,,
VERIFIED,9/2/2020,Ed Lapasota,In-House ,2965,Speedcast GSI Gov,,,
RETURNED,9/2/2020,Ed Lapasota,Returned from BHF | BHF TEST RACK,2966,Speedcast GSI Gov,,,
VERIFIED,9/2/2020,Ed Lapasota,In-House | BHF TEST RACK,2967,Speedcast GSI Gov,,,
SHIPPED,9/3/2020,Ed Lapasota,Shipping to QXU - TBD |,2968,QXU,,,
SHIPPED,1/17/2020,Ed Lapasota,Shipped to QZA 01.17.20,2969,Speedcast GSI Gov,,,
VERIFIED,4/17/2020,Ed Lapasota,In-House ,2970,Speedcast GSI Gov,,,
SHIPPED,5/15/2020,Ed Lapasota,Shipped to RSW 04.17.20,2971,Speedcast GSI Gov,,,
RETURNED,5/15/2020,Ed Lapasota,Returned from L3 05.15.20 |,2972,Speedcast GSI Gov,,,
RETURNED,5/15/2020,Ed Lapasota,Returned from L3 05.15.20 | BHF Test Rack |,2973,Speedcast GSI Gov,,,
SHIPPED,5/21/2020,Ed Lapasota,Ship to QJA 5/21/20,2974,QJA,,,
VERIFIED,5/21/2020,Ed Lapasota,SCG TEST RACK 05.21.20 | Staged for NQX ,2975,Speedcast GSI Gov,,,
SHIPPED,5/29/2020,Ed Lapasota,Shipped to QJA 5.29.20 |,2976,QJA,,,
FAILED,6/2/2020,Ed Lapasota,"Failed during Testing, Not passing Data - RMA 06.02.20 |",2977,Speedcast GSI Gov,,,
VERIFIED,9/2/2020,Ed Lapasota,In-House ,2978,Speedcast GSI Gov,,,
VERIFIED,9/2/2020,Ed Lapasota,In-House ,2979,Speedcast GSI Gov,,,
VERIFIED,9/2/2020,Ed Lapasota,In-House ,2980,Speedcast GSI Gov,,,
VERIFIED,9/2/2020,Ed Lapasota,In-House ,2981,Speedcast GSI Gov,,,
VERIFIED,9/2/2020,Ed Lapasota,In-House ,2982,Speedcast GSI Gov,,,
RETURNED,6/15/2020,Ed Lapasota,Returned from QJA 06.15.20 | BHF TEST RACK,2983,Speedcast GSI Gov,,,
RETURNED,6/15/2020,Ed Lapasota,Returned from John Kayanek 06.15.20 ,2984,Speedcast GSI Gov,,,
RETURNED,6/15/2020,Ed Lapasota,Returned from John Kayanek 06.15.20 ,2985,Speedcast GSI Gov,,,
RETURNED,6/30/2020,Ed Lapasota,Return from Harris Mobile Gateway (LOADED) 063020,2986,Speedcast GSI Gov,,,
RETURNED,6/30/2020,Ed Lapasota,Return from Harris Mobile Gateway (LOADED) 063020,2987,Speedcast GSI Gov,,,
RETURNED,6/30/2020,Ed Lapasota,Return from Harris Mobile Gateway (LOADED) 063020,2988,Speedcast GSI Gov,,,
RETURNED,6/30/2020,Ed Lapasota,Return from Harris Mobile Gateway (LOADED) 063020,2989,Speedcast GSI Gov,,,
RETURNED,6/30/2020,Ed Lapasota,Return from Harris Mobile Gateway (LOADED) 063020,2990,Speedcast GSI Gov,,,
RETURNED,6/30/2020,Ed Lapasota,Return from Harris Mobile Gateway (LOADED) 063020,2991,Speedcast GSI Gov,,,
RETURNED,6/30/2020,Ed Lapasota,Return from Harris Mobile Gateway (LOADED) 063020,2992,Speedcast GSI Gov,,,
RETURNED,6/30/2020,Ed Lapasota,Return from Harris Mobile Gateway (LOADED) 063020,2993,Speedcast GSI Gov,,,
RETURNED,6/30/2020,Ed Lapasota,Return from Harris Mobile Gateway (LOADED) 063020,2994,Speedcast GSI Gov,,,
RETURNED,6/30/2020,Ed Lapasota,Return from Harris Mobile Gateway (LOADED) 063020,2995,Speedcast GSI Gov,,,
RETURNED,6/30/2020,Ed Lapasota,Return from Harris Mobile Gateway (LOADED) 063020,2996,Speedcast GSI Gov,,,
RETURNED,6/30/2020,Ed Lapasota,Return from Harris Mobile Gateway (LOADED) 063020,2997,Speedcast GSI Gov,,,
RETURNED,6/30/2020,Ed Lapasota,Return from Harris Mobile Gateway (LOADED) 063020,2998,Speedcast GSI Gov,,,
RETURNED,6/30/2020,Ed Lapasota,Return from Harris Mobile Gateway (LOADED) 063020,2999,Speedcast GSI Gov,,,
RETURNED,6/30/2020,Ed Lapasota,Return from Harris Mobile Gateway (LOADED) 063020,3000,Speedcast GSI Gov,,,
RETURNED,6/30/2020,Ed Lapasota,Return from Harris Mobile Gateway (LOADED) 063020,3001,Speedcast GSI Gov,,,
RETURNED,6/30/2020,Ed Lapasota,Return from Harris Mobile Gateway (LOADED) 063020,3002,Speedcast GSI Gov,,,
RETURNED,6/30/2020,Ed Lapasota,Return from Harris Mobile Gateway (LOADED) 063020,3003,Speedcast GSI Gov,,,
RETURNED,6/30/2020,Ed Lapasota,Return from Harris Mobile Gateway (LOADED) 063020,3004,Speedcast GSI Gov,,,
RETURNED,6/30/2020,Ed Lapasota,Return from Harris Mobile Gateway (LOADED) 063020,3005,Speedcast GSI Gov,,,
RETURNED,6/30/2020,Ed Lapasota,Return from Harris Mobile Gateway (LOADED) 063020,3006,Speedcast GSI Gov,,,
RETURNED,6/30/2020,Ed Lapasota,Return from Harris Mobile Gateway (LOADED) 063020,3007,Speedcast GSI Gov,,,
RETURNED,6/30/2020,Ed Lapasota,Return from Harris Mobile Gateway (LOADED) 063020,3008,Speedcast GSI Gov,,,
RETURNED,6/30/2020,Ed Lapasota,Return from Harris Mobile Gateway (LOADED) 063020,3009,Speedcast GSI Gov,,,
VERIFIED,9/2/2020,Ed Lapasota,,3010,Speedcast GSI Gov,,,
VERIFIED,6/21/2020,Ed Lapasota,Converted to V4.22  6/21/19  (Qty 3) ,3011,,,,
VERIFIED,9/2/2020,Ed Lapasota,,3012,Speedcast GSI Gov,,,
VERIFIED,9/2/2020,Ed Lapasota,Pre-testing in FAA-TB Rack EQ #3,3013,Speedcast GSI Gov,,,
VERIFIED,9/2/2020,Ed Lapasota,Pre-testing in FAA-TB Rack EQ #3,3014,Speedcast GSI Gov,,,
VERIFIED,1/3/2020,Ed Lapasota,Converted to RS422 1/3/20  (Qty 1) from -004 ,3015,Speedcast GSI Gov,,,
SHIPPED,5/6/2020,Ed Lapasota,Shipped to QEA,3015,QEA,,,
SHIPPED,1/29/2020,Ed Lapasota,Shipped to QUZ 01.29.20,3016,Speedcast GSI Gov,,,
SHIPPED,3/11/2020,Ed Lapasota,Shipped to QUZ 03.11.20,3017,Speedcast GSI Gov,,,
SHIPPED,3/11/2020,Ed Lapasota,Shipped to QUZ 03.11.20,3018,Speedcast GSI Gov,,,
SHIPPED,1/29/2020,Ed Lapasota,Shipped to QUZ 01.29.20,3019,Speedcast GSI Gov,,,
SHIPPED,1/29/2020,Ed Lapasota,Shipped to QUZ 01.29.20,3020,Speedcast GSI Gov,,,
SHIPPED,3/31/2020,Ed Lapasota,Converted to V.4.22 from -004 - BENCH TESTING |Shipped to GDT 03.31.20,3021,GDC,,,
SHIPPED,9/2/2020,Ed Lapasota,Shipping to QNA,3022,Speedcast GSI Gov,,,
SHIPPED,9/2/2020,Ed Lapasota,Shipping to QNA,3023,Speedcast GSI Gov,,,
TESTING,1/2/2020,Ed Lapasota,In test for QZA | Converted to RS422 1/2/20  (Qty 1),3024,Speedcast GSI Gov,,,
SHIPPED,9/2/2020,Ed Lapasota," Verified RETURN 05.15.20 - RTV# 13345 - In-House |Boxed, Shipping to NAW|",3025,Speedcast GSI Gov,,,
TESTING,9/2/2020,Ed Lapasota,In test for QUZ,3026,Speedcast GSI Gov,,,
SHIPPED,1/23/2020,Ed Lapasota,Shipped to QOM 04.17.20 ,3027,Speedcast GSI Gov,,,
SHIPPED,3/6/2020,Ed Lapasota,Shipped to QEA 03.06.20,3028,QEA,,,
SHIPPED,3/6/2020,Ed Lapasota,Shipped to QEA 03.06.20,3028,QEA,,,
MISSING,9/2/2020,Ed Lapasota,VERIFY IN LOCATION - NOT IN WHSE,3029,Unknown,,,
SHIPPED,5/29/2020,Ed Lapasota,Shipped to QJA 5.29.20 | 06.15.20 returned from QJA ,3030,QJA,,,
MISSING,9/2/2020,Ed Lapasota,VERIFY IN LOCATION - NOT IN WHSE,3031,Unknown,,,
VERIFIED,9/2/2020,Ed Lapasota,RTV 13314,3032,Speedcast GSI Gov,,13314,
RETURNED,6/8/2020,Ed Lapasota,Converted to Rs422 - Card Failed during Test - ED Lap - Received in 06.08.20 (RMA - TBD),3033,GDC,,,
RETURNED,9/2/2020,Ed Lapasota,returned from GDC on 9.2.20,3033,Speedcast GSI Gov,,,
RETURNED,3/6/2020,Ed Lapasota,"Returned from BHF, Shipped to QEA 03.06.20",3034,Speedcast GSI Gov,,,
RETURNED,9/2/2020,Ed Lapasota,Returned from BHF,3035,Speedcast GSI Gov,,,
SHIPPED,9/2/2020,Ed Lapasota,Shipping to QXU - TBD,3036,QXU,,,
SHIPPED,9/2/2020,Ed Lapasota,Shipping to QXU - TBD,3037,QXU,,,
SHIPPED,1/17/2020,Ed Lapasota,Shipped to QJA 01.17.20,3038,QJA,,,
SHIPPED,3/11/2020,Ed Lapasota, Shipped to QUZ 03.11.20,3038,QJA,,,
SHIPPED,3/27/2020,Ed Lapasota,Shipped to GGW ,3039,GGW,,,
RETURNED,9/2/2020,Ed Lapasota, Returned from GGW,3039,Speedcast GSI Gov,,,
MISSING,9/2/2020,Ed Lapasota,VERIFY IN LOCATION - NOT IN WHSE,3040,Unknown,,,
SHIPPED,4/17/2020,Ed Lapasota,Shipped to RSW 04.17.20,3041,RSW,,,
SHIPPED,4/17/2020,Ed Lapasota,Shipped to RSW 04.17.20,3042,RSW,,,
SHIPPED,4/17/2020,Ed Lapasota,Shipped to QOM ,3043,QOM,,,
SHIPPED,6/4/2020,Ed Lapasota,Shipped to QOM 06.04.20,3043,QOM,,,
SHIPPED,5/21/2020,Ed Lapasota,Shipped to QJA ,3044,QJA,,,
RETURNED,6/15/2020,Ed Lapasota,Returned from Bill O'Hare ,3044,QJA,,,
VERIFIED,6/1/2020,Ed Lapasota,Assigned to CPV 06.01.20,3045,Speedcast GSI Gov,,,
FAILED,6/2/2020,Ed Lapasota,"Failed during Testing, Data not passing through",3045,Speedcast GSI Gov,,,
RETURNED,9/2/2020,Ed Lapasota,Returned from GDC on 9.2.20,3045,Speedcast GSI Gov,,,
CONVERTED,9/2/2020,Ed Lapasota,Converted to Rs422 - Shipping to CPV - TBD |,3046,CPV,,,
CONVERTED,9/2/2020,Ed Lapasota,Converted to Rs422 - Shipping to NQX - TBD ||,3047,NQX,,,
CONVERTED,9/2/2020,Ed Lapasota,Converted to Rs422 - Assigned to CPV | BHF TEST RACK |,3048,Speedcast GSI Gov,,,
CONVERTED,9/2/2020,Ed Lapasota,Converted to Rs422 |,3049,Speedcast GSI Gov,,,
CONVERTED,9/2/2020,Ed Lapasota,"Converted to Rs422 - Boxed, Shipping to CPV|",3050,CPV,,,
CONVERTED,9/2/2020,Ed Lapasota,Converted to Rs422 - Shipping to QXU - TBD |,3051,QXU,,,
CONVERTED,9/2/2020,Ed Lapasota,"Converted to Rs422 - Assigned to CPV | Failed during Testing, Data Not passing through - 06.02.20 - RMA ship TBD|Returned from GDC on 9.2.20",3052,CPV,,,
RETURNED,6/15/2020,Ed Lapasota,Returned from John Kayanek 06.15.20 | Shipping to FK7 - TBD |,3053,FK7,,,
SHIPPED,9/2/2020,Ed Lapasota,Shipping to NAW - TBD |,3054,NAW,,,
RETURNED,6/30/2020,Ed Lapasota,Return from Harris Mobile Gateway (LOADED) 063020,3055,Speedcast GSI Gov,,,
RETURNED,6/30/2020,Ed Lapasota,Return from Harris Mobile Gateway (LOADED) 063020 | Shipping to GDT - TBD,3056,Speedcast GSI Gov,,,
RETURNED,6/30/2020,Ed Lapasota,Return from Harris Mobile Gateway (LOADED) 063020 | Shipping to FK7 |,3057,Speedcast GSI Gov,,,
RETURNED,6/30/2020,Ed Lapasota,Return from Harris Mobile Gateway (LOADED) 063020 | Test Rack,3058,Speedcast GSI Gov,,,
RETURNED,6/30/2020,Ed Lapasota,Return from Harris Mobile Gateway (LOADED) 063020 |Shipping to GDT- TBD,3059,Speedcast GSI Gov,,,
VERIFIED,9/2/2020,Ed Lapasota,BHF TEST RACK,3060,Speedcast GSI Gov,,,
VERIFIED,9/2/2020,Ed Lapasota,BHF TEST RACK,3061,Speedcast GSI Gov,,,
MISSING,9/2/2020,Ed Lapasota,VERIFY IN LOCATION - NOT IN WHSE,3062,Unknown,,,
TESTING,9/2/2020,Ed Lapasota,Pre-testing in FAA-TB Rack EQ #3,3063,Speedcast GSI Gov,,,
MISSING,9/2/2020,Ed Lapasota,VERIFY IN LOCATION - NOT IN WHSE,3064,Unknown,,,
SHIPPED,3/6/2020,Ed Lapasota,Shipped to QEA 03.06.20,3065,QEA,,,
RETURNED,1/6/2020,Ed Lapasota,Return from M. Feustel 1/6/20 - Add to Inventory | Shipping to QXU - TBD,3066,Speedcast GSI Gov,,,
SHIPPED,5/21/2020,Ed Lapasota,Ship to QJA 5/21/20 | Shipped back from Bill O'Hare 06.15.20 ,3067,Speedcast GSI Gov,,,
SHIPPED,5/21/2020,Ed Lapasota,Ship to QJA 5/21/20 | Shipped back from Bill O'Hare 06.15.20 ,3067,Speedcast GSI Gov,,,
RETURNED,9/2/2020,Ed Lapasota,Return from ZSU to be tested VERIFY LOCATION,3068,Speedcast GSI Gov,,,
TESTING,9/2/2020,Ed Lapasota,Cart - To be tested,3069,Speedcast GSI Gov,,,
SHIPPED,3/31/2020,Ed Lapasota,Shipped to GDT 03.31.20,3070,GDC,,,
RETURNED,5/21/2020,Ed Lapasota,Returned from QXR | SCG Test Rack ,3071,Speedcast GSI Gov,,,
SHIPPED,5/29/2020,Ed Lapasota,shipped to QJA 5.29.20,3071,QJA,,,
RETURNED,6/15/2020,Ed Lapasota,returned from QJA ,3071,Speedcast GSI Gov,,,
VERIFIED,9/2/2020,Ed Lapasota,In-House,3072,Speedcast GSI Gov,,,
VERIFIED,9/2/2020,Ed Lapasota,In-House,3073,Speedcast GSI Gov,,,
RETURNED,1/6/2020,Ed Lapasota,Return from M. Feuste  BENCH TESTING WHSE | Staged for NQX - Shipping TBD |,3074,Speedcast GSI Gov,,,
RETURNED,9/2/2020,Ed Lapasota,Return from ZIN to be tested,3075,Speedcast GSI Gov,,,
RETURNED,9/2/2020,Ed Lapasota,Return from QQO ,3076,Speedcast GSI Gov,,,
RETURNED,9/2/2020,Ed Lapasota,,3077,Speedcast GSI Gov,,,
SHIPPED,9/2/2020,Ed Lapasota,Shipped to Harris - Emergency Deployment 09.02.20,3078, Harris Mobile Gateway,,,
SHIPPED,9/2/2020,Ed Lapasota,Boxed - Shipping to QXU - TBD,3079,QXU,,,
SHIPPED,1/29/1930,Ed Lapasota,Shipped to QUZ 01.29.20,3080,QUZ,,,
RETURNED,9/2/2020,Ed Lapasota,Returned from QZA | Shipping to Naw - TBD|,3081,QZA,,,
SHIPPED,9/2/2020,Ed Lapasota,SHIPPNG TO QUZ,3082,QUZ,,,
MISSING,9/2/2020,Ed Lapasota,VERIFY IN LOCATION - NOT IN WHSE,3083,Unknown,,,
MISSING,9/2/2020,Ed Lapasota,VERIFY IN LOCATION - NOT IN WHSE,3084,Unknown,,,
MISSING,9/2/2020,Ed Lapasota,VERIFY IN LOCATION - NOT IN WHSE,3085,Unknown,,,
SHIPPED,3/11/2020,Ed Lapasota,Shipped to QUZ 03.11.20,3086,QUZ,,,
RETURNED,1/24/2020,Ed Lapasota,Return from M. Feustel QXR 1/24/20 | Received in 06.08.20,3087,Speedcast GSI Gov,,,
RETURNED,1/24/2020,Ed Lapasota,Return from M. Feustel QXR 1/24/20 | Received in 06.08.20,3087,Speedcast GSI Gov,,,
SHIPPED,9/2/2020,Ed Lapasota,Boxed - Shipping to CPV - TBD |,3088,CPV,,,
RETURNED,3/27/2020,Ed Lapasota,Shipped to GGW ,3089,GGW,,,
SHIPPED,9/2/2020,Ed Lapasota,Returned from GGW ,3089,Speedcast GSI Gov,,,
SHIPPED,9/2/2020,Ed Lapasota,Return from M. Feustel 1/6/20 - Add to Inventory | Shipping to FK7-Exuma - TBD |,3090,Speedcast GSI Gov,,,
SHIPPED,1/17/2020,Ed Lapasota,"Shipped to QJA 01.17.20, Shipped to QEA 03.06.20",3091,Speedcast GSI Gov,,,
SHIPPED,9/2/2020,Ed Lapasota,SHPPING TO NAW - TBD |,3092,Speedcast GSI Gov,,,
SHIPPED,9/2/2020,Ed Lapasota,Staged for NQX - Shipping TBD,3093,Unknown,,,
MISSING,9/2/2020,Ed Lapasota,VERIFY IN LOCATION - NOT IN WHSE,3094,Unknown,,,
SHIPPED,4/17/2020,Ed Lapasota,Shipped to RSW 04.17.20,3095,RSW,,,
SHIPPED,4/17/2020,Ed Lapasota,Shipped to QOM 04.17.20 ,3096,QOM,,,
VERIFIED,6/1/2020,Ed Lapasota,Verified In House 06.01.20 | Shipping to CPV -TBD |,3097,Speedcast GSI Gov,,,
VERIFIED,6/1/2020,Ed Lapasota,Returned from GDC 06.01.20 | Shipped to FK7 (Exuma) |,3098,FK7,,,
RETURNED,6/15/2020,Ed Lapasota,Returned from John Kayanek 06.15.20 ,3099,Speedcast GSI Gov,,,
RETURNED,7/9/2020,Ed Lapasota,Returned from QJA - John Kayanek - 7/9/20,3100,Speedcast GSI Gov,,,
RETURNED,6/30/2020,Ed Lapasota,Return from Harris Mobile Gateway (LOADED) 063020,3101,Speedcast GSI Gov,,,
RETURNED,6/30/2020,Ed Lapasota,Return from Harris Mobile Gateway (LOADED) 063020 | BHF TEST RACK,3102,Speedcast GSI Gov,,,
RETURNED,6/30/2020,Ed Lapasota,Return from Harris Mobile Gateway (LOADED) 063020 | Shipping to GDT - TBD |,3103,Speedcast GSI Gov,,,
RETURNED,6/30/2020,Ed Lapasota,Return from Harris Mobile Gateway (LOADED) 063020 |Shipping to GDT - TBD |,3104,Speedcast GSI Gov,,,
RETURNED,9/2/2020,Ed Lapasota,BHF TEST RACK,3105,Speedcast GSI Gov,,,
VERIFIED,9/2/2020,Ed Lapasota,,3106,Speedcast GSI Gov,,,
VERIFIED,9/2/2020,Ed Lapasota,,3107,Speedcast GSI Gov,,,
VERIFIED,9/2/2020,Ed Lapasota,,3108,Speedcast GSI Gov,,,
VERIFIED,9/2/2020,Ed Lapasota,,3109,Speedcast GSI Gov,,,
VERIFIED,9/2/2020,Ed Lapasota,,3110,Speedcast GSI Gov,,,
VERIFIED,9/2/2020,Ed Lapasota,,3111,Speedcast GSI Gov,,,
VERIFIED,9/2/2020,Ed Lapasota,,3112,Speedcast GSI Gov,,,
VERIFIED,9/2/2020,Ed Lapasota,,3113,Speedcast GSI Gov,,,
VERIFIED,9/2/2020,Ed Lapasota,,3114,Speedcast GSI Gov,,,
VERIFIED,9/2/2020,Ed Lapasota,,3115,Speedcast GSI Gov,,,
VERIFIED,9/2/2020,Ed Lapasota,,3116,Speedcast GSI Gov,,,
VERIFIED,9/2/2020,Ed Lapasota,,3117,Speedcast GSI Gov,,,
VERIFIED,9/2/2020,Ed Lapasota,,3118,Speedcast GSI Gov,,,
VERIFIED,9/2/2020,Ed Lapasota,,3119,Speedcast GSI Gov,,,
VERIFIED,9/2/2020,Ed Lapasota,,3120,Speedcast GSI Gov,,,
SHIPPED,9/2/2020,Ed Lapasota,"shipped to Harris, Melbourne - AMLB 8/1/20 |",3121, Harris Mobile Gateway,,,
TESTING,9/2/2020,Ed Lapasota,BENCH TESTING - ***Check inventory***,3122,Unknown,,,
MISSING,9/2/2020,Ed Lapasota,VERIFY IN LOCATION - NOT IN WHSE,3123,Unknown,,,
MISSING,9/2/2020,Ed Lapasota,VERIFY IN LOCATION - NOT IN WHSE,3124,Unknown,,,
MISSING,9/2/2020,Ed Lapasota,VERIFY IN LOCATION - NOT IN WHSE,3125,Unknown,,,
MISSING,9/2/2020,Ed Lapasota,VERIFY IN LOCATION - NOT IN WHSE,3126,Unknown,,,
MISSING,9/2/2020,Ed Lapasota,VERIFY IN LOCATION - NOT IN WHSE,3127,Unknown,,,
VERIFIED,9/2/2020,Ed Lapasota,Test Rack |,3128,Speedcast GSI Gov,,,
SHIPPED,4/17/2020,Ed Lapasota,Shipped to QOM 04.17.20  | Shipped to QOM 06.04.20,3129,QOM,,,
SHIPPED,4/17/2020,Ed Lapasota,Shipped to QOM 04.17.20  | Shipped to QOM 06.04.20,3129,QOM,,,
SHIPPED,3/11/2020,Ed Lapasota,Shipped to QUZ 03.11.20,3130,QUZ,,,
MISSING,9/2/2020,Ed Lapasota,VERIFY IN LOCATION - NOT IN WHSE,3131,Unknown,,,
MISSING,9/2/2020,Ed Lapasota,VERIFY IN LOCATION - NOT IN WHSE,3132,Unknown,,,
MISSING,9/2/2020,Ed Lapasota,VERIFY IN LOCATION - NOT IN WHSE,3133,Unknown,,,
MISSING,9/2/2020,Ed Lapasota,VERIFY IN LOCATION - NOT IN WHSE,3134,Unknown,,,
MISSING,9/2/2020,Ed Lapasota,VERIFY IN LOCATION - NOT IN WHSE,3135,Unknown,,,
SHIPPED,1/29/2020,Ed Lapasota,Shipped to QUZ 01.29.20,3136,QUZ,,,
MISSING,9/2/2020,Ed Lapasota,VERIFY IN LOCATION - NOT IN WHSE,3137,Unknown,,,
RETURNED,1/23/2020,Ed Lapasota,Returned from GDC RTV-6682 1/23/20,3138,Speedcast GSI Gov,,,
RETURNED,9/2/2020,Ed Lapasota,Return from QQO - NOT IN WHSE,3139,Unknown,,,
SHIPPED,3/27/2020,Ed Lapasota,Shipped to GGW ,3140,GGW,,,
RETURNED,9/2/2020,Ed Lapasota,Returned from GGW ,3140,Speedcast GSI Gov,,,
VERIFIED,9/2/2020,Ed Lapasota,RTV 1331 | IN-House |,3141,Speedcast GSI Gov,,1331,
VERIFIED,9/2/2020,Ed Lapasota,RTV 1331 - NOT IN WHSE,3142,Unknown,,1331,
RETURNED,9/2/2020,Ed Lapasota,Return from ZSU to be tested - NOT IN WHSE,3143,Unknown,,,
RETURNED,9/2/2020,Ed Lapasota,Return from ZSU to be tested,3144,Speedcast GSI Gov,,,
RETURNED,1/6/2020,Ed Lapasota,Return from M. Feustel 1/6/20 - Shipped QZA 01.017.20,3145,QZA,,,
RETURNED,1/6/2020,Ed Lapasota,Return from M. Feustel 1/6/20 - Shipped QZA 01.017.20,3145,QZA,,,
MISSING,9/2/2020,Ed Lapasota,VERIFY LOCATION - NOT IN WHSE,3146,Unknown,,,
RETURNED,1/6/2020,Ed Lapasota,Return from M. Feustel 1/6/20 | In House 06.01.20 |,3147,Speedcast GSI Gov,,,
RETURNED,1/24/2020,Ed Lapasota,Return from M. Feustel QXR 1/24/20- Add to Inventory,3148,Speedcast GSI Gov,,,
VERIFIED,9/2/2020,Ed Lapasota,,3149,Speedcast GSI Gov,,,
FAILED,9/2/2020,Ed Lapasota,RTV - causes Pattern and Clock Loss 082420 | ,3150,Speedcast GSI Gov,,,
VERIFIED,9/2/2020,Ed Lapasota,,3151,Speedcast GSI Gov,,,
FAILED,9/2/2020,Ed Lapasota,In test for QZA-UNIT FAILED ON-SITE RTV | Returned from Vendor RTV# 13344,3152,Speedcast GSI Gov,,13344,
VERIFIED,9/2/2020,Ed Lapasota,,3153,Speedcast GSI Gov,,,
VERIFIED,9/2/2020,Ed Lapasota,,3154,Speedcast GSI Gov,,,
VERIFIED,9/2/2020,Ed Lapasota,BHF Test Rack |,3155,Speedcast GSI Gov,,,
SHIPPED,1/17/2020,Ed Lapasota,Shipped to QJA 01.17.20,3156,QJA,,,
SHIPPED,1/17/2020,Ed Lapasota,Shipped to GDT 03.31.20,3157,GDT,,,
TESTING,9/2/2020,Ed Lapasota,IN TEST QUZ RACK,3158,Speedcast GSI Gov,,,
TESTING,9/2/2020,Ed Lapasota,BENCH TESTING - ***Check inventory***,3159,Unknown,,,
SHIPPED,4/17/2020,Ed Lapasota,Shipped to RSW 04.17.20,3160,RSW,,,
MISSING,9/2/2020,Ed Lapasota,VERIFY LOCATION ,3161,Unknown,,,
SHIPPED,5/21/2020,Ed Lapasota,Ship to QJA,3162,QJA,,,
RETURNED,6/15/2020,Ed Lapasota,Returned from Bill O'Hare 06.15.20 |,3162,Speedcast GSI Gov,,,
VERIFIED,5/21/2020,Ed Lapasota,SCG TEST RACK 05.21.20,3163,Speedcast GSI Gov,,,
SHIPPED,5/29/2020,Ed Lapasota,Shipped to QJA 5.29.20 ,3163,QJA,,,
RETURNED,6/15/2020,Ed Lapasota,Returned from QJA 06.15.20 | BHF TEST RACK | ,3163,Speedcast GSI Gov,,,
RETURNED,7/9/2020,Ed Lapasota,Returned from QJA - John Kayanek - 7/9/20,3164,Speedcast GSI Gov,,,
RETURNED,6/15/2020,Ed Lapasota,Returned from John Kayanek 06.15.20 ,3165,Speedcast GSI Gov,,,
SHIPPED,9/2/2020,Ed Lapasota,Shipping to QXU - TBD,3166,QXU,,,
RETURNED,6/30/2020,Ed Lapasota,Return from Harris Mobile Gateway (LOADED) 063020,3167, Harris Mobile Gateway,,,
RETURNED,6/30/2020,Ed Lapasota,Return from Harris Mobile Gateway (LOADED) 063020,3168, Harris Mobile Gateway,,,
RETURNED,6/30/2020,Ed Lapasota,Return from Harris Mobile Gateway (LOADED) 063020,3169, Harris Mobile Gateway,,,
RETURNED,6/30/2020,Ed Lapasota,Return from Harris Mobile Gateway (LOADED) 063020,3170, Harris Mobile Gateway,,,
VERIFIED,9/2/2020,Ed Lapasota,,3171,Speedcast GSI Gov,,,
VERIFIED,9/2/2020,Ed Lapasota,,3172,Speedcast GSI Gov,,,
VERIFIED,9/2/2020,Ed Lapasota,,3173,Speedcast GSI Gov,,,
VERIFIED,9/2/2020,Ed Lapasota,,3174,Speedcast GSI Gov,,,
VERIFIED,9/2/2020,Ed Lapasota,,3175,Speedcast GSI Gov,,,
TESTING,9/2/2020,Ed Lapasota,Pre-testing in FAA-TB Rack EQ #3,3176,Speedcast GSI Gov,,,
VERIFIED,9/2/2020,Ed Lapasota,,3177,Speedcast GSI Gov,,,
VERIFIED,9/2/2020,Ed Lapasota,,3178,Speedcast GSI Gov,,,
VERIFIED,9/2/2020,Ed Lapasota,,3179,Speedcast GSI Gov,,,
VERIFIED,9/2/2020,Ed Lapasota,,3180,Speedcast GSI Gov,,,
VERIFIED,9/2/2020,Ed Lapasota,,3181,Speedcast GSI Gov,,,
VERIFIED,9/2/2020,Ed Lapasota,,3182,Speedcast GSI Gov,,,
VERIFIED,9/2/2020,Ed Lapasota,,3183,Speedcast GSI Gov,,,
VERIFIED,9/2/2020,Ed Lapasota,,3184,Speedcast GSI Gov,,,
VERIFIED,9/2/2020,Ed Lapasota,,3185,Speedcast GSI Gov,,,
RETURNED,9/2/2020,Ed Lapasota,Return from QQO |,3186,Speedcast GSI Gov,,,
SHIPPED,4/17/2020,Ed Lapasota,Shipped to RSW 04.17.20,3187,RSW,,,
SHIPPED,5/21/2020,Ed Lapasota,Ship to QJA 5/21/20 ,3188,QJA,,,
SHIPPED,6/15/2020,Ed Lapasota,Returned from Bill O'Hare,3188,Speedcast GSI Gov,,,
VERIFIED,9/2/2020,Ed Lapasota,,3189,Speedcast GSI Gov,,,
RETURNED,6/15/2020,Ed Lapasota,06.15.20 Returned from John Kayanek | ,3190,Speedcast GSI Gov,,,
VERIFIED,9/2/2020,Ed Lapasota,,3191,Speedcast GSI Gov,,,
VERIFIED,9/2/2020,Ed Lapasota,SPARE,3192,Speedcast GSI Gov,,,
VERIFIED,9/2/2020,Ed Lapasota,SPARE,3193,Speedcast GSI Gov,,,
VERIFIED,9/2/2020,Ed Lapasota,SPARE,3194,Speedcast GSI Gov,,,
VERIFIED,9/2/2020,Ed Lapasota,SPARE,3195,Speedcast GSI Gov,,,
VERIFIED,9/2/2020,Ed Lapasota,SPARE,3196,Speedcast GSI Gov,,,
VERIFIED,9/2/2020,Ed Lapasota,SPARE,3197,Speedcast GSI Gov,,,
VERIFIED,9/2/2020,Ed Lapasota,SPARE,3198,Speedcast GSI Gov,,,
VERIFIED,9/2/2020,Ed Lapasota,SPARE,3199,Speedcast GSI Gov,,,
VERIFIED,9/2/2020,Ed Lapasota,SPARE,3200,Speedcast GSI Gov,,,
VERIFIED,9/2/2020,Ed Lapasota,SPARE,3201,Speedcast GSI Gov,,,
VERIFIED,9/2/2020,Ed Lapasota,INVENTORY,3202,Speedcast GSI Gov,,,
VERIFIED,9/2/2020,Ed Lapasota,INVENTORY | Shipping to NQX - TBD |,3203,Speedcast GSI Gov,,,
SHIPPED,3/11/2020,Ed Lapasota,Shipped to QUZ 03.11.20,3204,QUZ,,,
VERIFIED,6/8/2020,Ed Lapasota,Received in 06.08.20,3205,Speedcast GSI Gov,,,
VERIFIED,9/2/2020,Ed Lapasota,INVENTORY,3206,Speedcast GSI Gov,,,
SHIPPED,9/2/2020,Ed Lapasota,INVENTORY | Shipping to CPV - TBD |,3207,Speedcast GSI Gov,,,
SHIPPED,9/2/2020,Ed Lapasota,INVENTORY | Shipping to CPV - TBD |,3208,Speedcast GSI Gov,,,
VERIFIED,9/2/2020,Ed Lapasota,INVENTORY,3209,Speedcast GSI Gov,,,
RETURNED,1/6/2020,Ed Lapasota,Return from M. Feustel 1/6/20 - Add to Inventory | Shipping to QXU - TBD |,3210,Speedcast GSI Gov,,,
SHIPPED,9/2/2020,Ed Lapasota,Shipping to QXU - TBD |,3211,Speedcast GSI Gov,,,
VERIFIED,9/2/2020,Ed Lapasota,INVENTORY,3212,Speedcast GSI Gov,,,
MISSING,9/2/2020,Ed Lapasota,VERFY LOCATON - NOT IN WHSE,3213,Unknown,,,
MISSING,9/2/2020,Ed Lapasota,VERFY LOCATON - NOT IN WHSE,3214,Unknown,,,
MISSING,9/2/2020,Ed Lapasota,VERFY LOCATON - NOT IN WHSE,3215,Unknown,,,
MISSING,9/2/2020,Ed Lapasota,VERFY LOCATON - NOT IN WHSE,3216,Unknown,,,
MISSING,9/2/2020,Ed Lapasota,VERFY LOCATON - NOT IN WHSE,3217,Unknown,,,
MISSING,9/2/2020,Ed Lapasota,VERFY LOCATON - NOT IN WHSE,3218,Unknown,,,
MISSING,9/2/2020,Ed Lapasota,VERFY LOCATON - NOT IN WHSE,3219,Unknown,,,
MISSING,9/2/2020,Ed Lapasota,VERFY LOCATON - NOT IN WHSE,3220,Unknown,,,
SHIPPED,9/2/2020,Ed Lapasota,TO BE SHIPPED TO QUZ,3221,QUZ,,,
SHIPPED,4/17/2020,Ed Lapasota,Shipped to QOM 04.17.20 | Shipped to QOM 06.04.20,3222,Speedcast GSI Gov,,,
SHIPPED,4/17/2020,Ed Lapasota,Shipped to QOM 04.17.20 | Shipped to QOM 06.04.20,3222,Speedcast GSI Gov,,,
SHIPPED,9/2/2020,Ed Lapasota,Shipping to NQX - TBD |,3223,Speedcast GSI Gov,,,
VERIFIED,9/2/2020,Ed Lapasota,,3224,Speedcast GSI Gov,,,
VERIFIED,9/2/2020,Ed Lapasota,,3225,Speedcast GSI Gov,,,
VERIFIED,9/2/2020,Ed Lapasota,,3226,Speedcast GSI Gov,,,
VERIFIED,9/2/2020,Ed Lapasota,,3227,Speedcast GSI Gov,,,
VERIFIED,9/2/2020,Ed Lapasota,,3228,Speedcast GSI Gov,,,
VERIFIED,9/2/2020,Ed Lapasota,,3229,Speedcast GSI Gov,,,
VERIFIED,9/2/2020,Ed Lapasota,,3230,Speedcast GSI Gov,,,
VERIFIED,9/2/2020,Ed Lapasota,,3231,Speedcast GSI Gov,,,
VERIFIED,9/2/2020,Ed Lapasota,,3232,Speedcast GSI Gov,,,
VERIFIED,9/2/2020,Ed Lapasota,,3233,Speedcast GSI Gov,,,
VERIFIED,9/2/2020,Ed Lapasota,,3234,Speedcast GSI Gov,,,
VERIFIED,9/2/2020,Ed Lapasota,,3235,Speedcast GSI Gov,,,
VERIFIED,9/2/2020,Ed Lapasota,,3236,Speedcast GSI Gov,,,
VERIFIED,9/2/2020,Ed Lapasota,,3237,Speedcast GSI Gov,,,
VERIFIED,9/2/2020,Ed Lapasota,,3238,Speedcast GSI Gov,,,
VERIFIED,9/2/2020,Ed Lapasota,,3239,Speedcast GSI Gov,,,
TESTING,9/2/2020,Ed Lapasota,(To be Located)Pre-testing in FAA-TB Rack EQ #3 - VERIFY S/N,3240,Speedcast GSI Gov,,,
MISSING,9/2/2020,Ed Lapasota,To be Located,3241,Unknown,,,
MISSING,9/2/2020,Ed Lapasota,To be Located,3242,Unknown,,,
MISSING,9/2/2020,Ed Lapasota,To be Located,3243,Unknown,,,
MISSING,9/2/2020,Ed Lapasota,Unit in house ****LOCATE UNIT****,3244,Speedcast GSI Gov,,,
SHIPPED,3/27/2020,Ed Lapasota,Shipped to GGW 03.27.20,3245,GGW,,,
RETURNED,9/2/2020,Ed Lapasota,Returned from GGW 09.02.20,3245,Speedcast GSI Gov,,,
MISSING,9/2/2020,Ed Lapasota,To be Located,3246,Unknown,,,
SHIPPED,4/17/2020,Ed Lapasota,Shipped to RSW 04.17.20 ,3247,Speedcast GSI Gov,,,
VERIFIED,5/15/2020,Ed Lapasota,Unit in house 05.15.20 - NQX Test Rack 06.04.20 |,3248,Speedcast GSI Gov,,,
VERIFIED,9/2/2020,Ed Lapasota,Failed during test RMA 06.08.20 ship date TBD | Returned from GDC 09.02.20 |,3248,Speedcast GSI Gov,,,
SHIPPED,3/11/2020,Ed Lapasota,Ship to QUZ 03.11.20,3249,QUZ,,,
SHIPPED,2/20/2020,Ed Lapasota,Ship to QYB 02.28.20,3250,QYB,,,
RETURNED,5/15/2020,Ed Lapasota,In House 05.15.20,3250,Speedcast GSI Gov,,,
SHIPPED,6/4/2020,Ed Lapasota, Shipped to QOM 06.04.20 |,3250,QOM,,,
SHIPPED,9/2/2020,Ed Lapasota,Boxed - Shipping to QXU - TBD |,3251,Speedcast GSI Gov,,,
SHIPPED,1/17/2020,Ed Lapasota,Shipped to QJA 01.17.20,3252,QJA,,,
RETURNED,5/15/2020,Ed Lapasota, In House 05.15.20 ,3252,Speedcast GSI Gov,,,
SHIPPED,5/29/2020,Ed Lapasota,"TESTING, shipped to QJA 05.29.20 ",3252,QJA,,,
SHIPPED,6/15/2020,Ed Lapasota, returned from QJA Broken card rails  TO BE SENT OUT,3252,Speedcast GSI Gov,,,
SHIPPED,5/21/2020,Ed Lapasota,Ship to QJA 5/21/20,3253,QJA,,,
RETURNED,6/15/2020,Ed Lapasota,Returned from GDC RTV-6682 1/23/20,3254,Speedcast GSI Gov,,,
SHIPPED,1/23/2020,Ed Lapasota,"Returned from GDC RTV-6682 1/23/20 on Aggr Connector, shipping Back AGAIN 06.2.20 ",3255,Comtech,,,
RETURNED,5/15/2020,Ed Lapasota,shipped to Vendor - Bad Aggr connection on Backplane AGAIN ,3255,Speedcast GSI Gov,,,
SHIPPED,6/2/2020,Ed Lapasota,"Returned from GDC RTV-6682 1/23/20 |shipped to Vendor - Bad Aggr connection on Backplane 05.15.20 | Returned from Vendor with no change.  Unit Still Loose on Aggr Connector, shipping Back AGAIN 06.2.20 | In-House 09.02.20 |",3255,Speedcast GSI Gov,,,
SHIPPED,9/2/2020,Ed Lapasota,"Returned from GDC RTV-6682 1/23/20 |shipped to Vendor - Bad Aggr connection on Backplane 05.15.20 | Returned from Vendor with no change.  Unit Still Loose on Aggr Connector, shipping Back AGAIN 06.2.20 | In-House 09.02.20 |",3255,Speedcast GSI Gov,,,
TESTING,6/1/2020,Ed Lapasota,Shipped to QOM 04.17.20 | Received from QOM - By Chris/Fausto 06.01.20 ***MUST TEST*** |,3256,Speedcast GSI Gov,,,
SHIPPED,4/17/2020,Ed Lapasota,Shipped to QOM 04.17.20 | Received from QOM - By Chris/Fausto 06.01.20 ***MUST TEST*** |,3256,QOM,,,
VERIFIED,5/15/2020,Ed Lapasota,in  House 05.15.20 | ,3257,Speedcast GSI Gov,,,
RETURNED,9/2/2020,Ed Lapasota,Returned from GDC 09.02.20|,3257,Speedcast GSI Gov,,,
VERIFIED,5/15/2020,Ed Lapasota,in  House 05.15.20,3258,Speedcast GSI Gov,,,
VERIFIED,5/29/2020,Ed Lapasota,in  House 05.15.20 | SCG NQX Test Rack 05.29.20 |,3258,Speedcast GSI Gov,,,
VERIFIED,6/1/2020,Ed Lapasota,"FAILED POWER SUPPLY, PWR SUPPLY HUMMING SOUND | Returned from Vendor, works with Loopback, further testing to follow 06.01.20 | Installed in NQX Rack",3259,Speedcast GSI Gov,,,
VERIFIED,5/25/2020,Ed Lapasota,BAD PWR SUPPLY - Will not power on.  Bad FAN - Not working 05.25.20Installed in BHF TEST Rack,3260,Speedcast GSI Gov,,,
VERIFIED,6/1/2020,Ed Lapasota," Returned from Vendor, works with Loopback, further testing to follow 06.01.20 | Installed in BHF TEST Rack",3260,Speedcast GSI Gov,,,
VERIFIED,6/15/2020,Ed Lapasota,Returned from John Kayanek 06.15.20 | BHF TEST RACK,3261,Speedcast GSI Gov,,,
SHIPPED,5/28/2020,Ed Lapasota,Shipped to QJA 05.28.20 | RTV - Broken Rails |,3262,QJA,,,
SHIPPED,6/4/2020,Ed Lapasota,Shipped to QOM 06.04.20,3263,QOM,,,
SHIPPED,6/8/2020,Ed Lapasota,Received in 06.08.20,3264,Speedcast GSI Gov,,,
VERIFIED,7/9/2020,Ed Lapasota,Returned from QJA - John Kayanek - 7/9/20 | RTV - Intermmitent Aggr.,3265,Speedcast GSI Gov,,,
RETURNED,6/30/2020,Ed Lapasota,Return from Harris Mobile Gateway (LOADED) 063020 | In-House |,3266,Speedcast GSI Gov,,,
RETURNED,6/30/2020,Ed Lapasota,Return from Harris Mobile Gateway (LOADED) 063020,3267,Speedcast GSI Gov,,,
RETURNED,6/30/2020,Ed Lapasota,Return from Harris Mobile Gateway (LOADED) 063020,3268,Speedcast GSI Gov,,,
RETURNED,6/30/2020,Ed Lapasota,Return from Harris Mobile Gateway (LOADED) 063020 | Bench Testing |,3269,Speedcast GSI Gov,,,
SHIPPED,9/2/2020,Ed Lapasota,shipping to NQX - TBD,3270,NQX,,,
MISSING,5/15/2020,Ed Lapasota,Verified In House 05.15.20,3271,Speedcast GSI Gov,,,
VERIFIED,5/15/2020,Ed Lapasota,Returned from BHF | In House 05.15.20 | BHF TEST RACK | ,3272,Speedcast GSI Gov,,,
MISSING,5/15/2020,Ed Lapasota,Verified In House 05.15.20,3273,Speedcast GSI Gov,,,
RETURNED,5/15/2020,Ed Lapasota,Returned from QXR | In House 05.15.20 In NQX test rk |,3274,Speedcast GSI Gov,,,
RETURNED,5/15/2020,Ed Lapasota,Returned from QXR | MUST LOCATE,3275,Unknown,,,
MISSING,5/15/2020,Ed Lapasota,Verified In House 05.15.20 NQX RK | BENCH TESTING |,3276,Speedcast GSI Gov,,,
MISSING,5/15/2020,Ed Lapasota,Verified In House 05.15.20,3277,Speedcast GSI Gov,,,
RETURNED,1/23/2020,Ed Lapasota,Returned from GDC RTV-6682 1/23/20 | MUST LOCATE,3278,Unknown,,,
RETURNED,6/30/2020,Ed Lapasota,Return from Harris Mobile Gateway (LOADED) 063020,3279,Speedcast GSI Gov,,,
VERIFIED,9/2/2020,Ed Lapasota,In-House,3280,Speedcast GSI Gov,,,
VERIFIED,9/2/2020,Ed Lapasota,In-House,3281,Speedcast GSI Gov,,,
VERIFIED,9/2/2020,Ed Lapasota,In-House,3282,Speedcast GSI Gov,,,
VERIFIED,9/2/2020,Ed Lapasota,In-House,3283,Speedcast GSI Gov,,,
VERIFIED,9/2/2020,Ed Lapasota,,3284,Speedcast GSI Gov,,,
VERIFIED,9/2/2020,Ed Lapasota,STORED ON SITE,3285,Speedcast GSI Gov,,,
VERIFIED,9/2/2020,Ed Lapasota,On Site,3286,Speedcast GSI Gov,,,
VERIFIED,9/2/2020,Ed Lapasota,On Site,3287,Speedcast GSI Gov,,,
VERIFIED,9/2/2020,Ed Lapasota,On Site,3288,Speedcast GSI Gov,,,
VERIFIED,9/2/2020,Ed Lapasota,On Site,3289,Speedcast GSI Gov,,,
VERIFIED,9/2/2020,Ed Lapasota,On Site,3290,Speedcast GSI Gov,,,
VERIFIED,9/2/2020,Ed Lapasota,On Site,3291,Speedcast GSI Gov,,,
VERIFIED,9/2/2020,Ed Lapasota,STORED ON SITE,3292,Speedcast GSI Gov,,,
VERIFIED,9/2/2020,Ed Lapasota,On Site,3293,Speedcast GSI Gov,,,
VERIFIED,9/2/2020,Ed Lapasota,On Site-Qty 2 cards have no piggy back cards,3294,Speedcast GSI Gov,,,
VERIFIED,9/2/2020,Ed Lapasota,On Site,3295,Speedcast GSI Gov,,,
VERIFIED,9/2/2020,Ed Lapasota,On Site,3296,Speedcast GSI Gov,,,
VERIFIED,9/2/2020,Ed Lapasota,On Site,3297,Speedcast GSI Gov,,,
VERIFIED,9/2/2020,Ed Lapasota,On Site,3298,Speedcast GSI Gov,,,
VERIFIED,9/2/2020,Ed Lapasota,On Site,3299,Speedcast GSI Gov,,,
,,,,,,,,
