Speedcast GSI Gov,45B Oser Avenue,Hauppauge,Ny,11788,TBD,info@speedcastgov.com,https://www.speedcastgov.com/contact-us/,40.81532,-73.23771,8/3/2020,8/3/2020
RSW,TBD,TBD,TBD,TBD,TBD,TBD,TBD,,,8/3/2020,8/3/2020
MLCA,TBD,TBD,TBD,TBD,TBD,TBD,TBD,,,8/3/2020,8/3/2020
QXU,TBD,TBD,TBD,TBD,TBD,TBD,TBD,,,8/3/2020,8/3/2020
QAF,TBD,TBD,TBD,TBD,TBD,TBD,TBD,,,8/3/2020,8/3/2020
QUZ,TBD,TBD,TBD,TBD,TBD,TBD,TBD,,,8/3/2020,8/3/2020
QJM,TBD,TBD,TBD,TBD,TBD,TBD,TBD,,,8/3/2020,8/3/2020
QEA,TBD,TBD,TBD,TBD,TBD,TBD,TBD,,,8/3/2020,8/3/2020
QOM,TBD,TBD,TBD,TBD,TBD,TBD,TBD,,,8/3/2020,8/3/2020
TSS,TBD,Melbourne ,FL,TBD,TBD,TBD,TBD,,,8/3/2020,8/3/2020
GSM,TBD,Laurel,MD,TBD,TBD,TBD,TBD,,,8/3/2020,8/3/2020
GDT,TBD,TBD,TBD,TBD,TBD,TBD,TBD,,,8/3/2020,8/3/2020
GGW,TBD,TBD,TBD,TBD,TBD,TBD,TBD,,,8/3/2020,8/3/2020
EMI Gateway,TBD,TBD,TBD,TBD,TBD,TBD,TBD,,,8/3/2020,8/3/2020
MYAF,TBD,TBD,TBD,TBD,TBD,TBD,TBD,,,8/3/2020,8/3/2020
BHF,TBD,TBD,TBD,TBD,TBD,TBD,TBD,,,8/3/2020,8/3/2020
NAW,TBD,TBD,TBD,TBD,TBD,TBD,TBD,,,8/3/2020,8/3/2020
CTY,TBD,TBD,TBD,TBD,TBD,TBD,TBD,,,8/3/2020,8/3/2020
CPI,TBD,TBD,TBD,TBD,TBD,TBD,TBD,,,8/3/2020,8/3/2020
EYW,TBD,TBD,TBD,TBD,TBD,TBD,TBD,,,8/3/2020,8/3/2020
Comtech,TBD,TBD,TBD,TBD,TBD,TBD,TBD,,,8/3/2020,8/3/2020
Ken Green,TBD,Brewers,TBD,TBD,TBD,TBD,TBD,,,,
