VERIFIED,9/2/2020,Ed Lapasota,In House ,2258,RSW,,
SHIPPED,6/4/2020,Ed Lapasota,Shipped to RSW ,2258,RSW,,
SHIPPED,1/21/2020,Ed Lapasota,Shipped to MCLA 1-21-20  ,2259,MCLA,,
RETURNED,9/2/2020,Ed Lapasota,In-house 09.02.20,2260,MCLA,,
SHIPPED,1/14/2020,Ed Lapasota,Shipped to QXU ,2260,QXU,,
SHIPPED,1/27/2020,Ed Lapasota,Shipped to MLCA ,2260,MCLA,,
SHIPPED,5/15/2020,Ed Lapasota,Shipping to MLCA ,2261,MCLA,,
RETURNED,6/15/2020,Ed Lapasota,Returned from Bill O'Hare,2262,MCLA,,
VERIFIED,9/2/2020,Ed Lapasota,In-House 09.02.20,2263,Speedcast GSI Gov,,
SHIPPED,2/10/2020,Ed Lapasota,Shipped to MLCA 02.10.20,2264,MCLA,,
SHIPPED,3/31/2020,Ed Lapasota,Shipped to GDT 03.31.20,2265,GDT,,
SHIPPED,3/13/2020,Ed Lapasota,Shipped to QUZ 03.13.20,2266,QUZ,,
VERIFIED,9/1/2020,Ed Lapasota,BHF TEST RACK 09/1/20 |,2267,BHF,,
VERIFIED,6/5/2020,Ed Lapasota,In House - SCG Test Rack | May Ship to Site TBD - Verify before using 06.05.20 |,2268,SCG,,
RETURNED,7/9/2020,Ed Lapasota,Returned from QJA - John Kayanek,2269,QJA,,
SHIPPED,1/20/2020,Ed Lapasota,Shipped to QJM 01.29.20,2270,QJM,,
VERIFIED,6/5/2020,Ed Lapasota,Unit in house Verified 06.05.20,2271,Speedcast GSI Gov,,
VERIFIED,6/5/2020,Ed Lapasota,Unit in house Verified 06.05.20,2272,Speedcast GSI Gov,,
VERIFIED,6/5/2020,Ed Lapasota,Unit in house Verified 06.05.20,2273,Speedcast GSI Gov,,
RETURNED,6/15/2020,Ed Lapasota, Returned from Vendor RTV# 13374 | BHF Test Rack |,2273,Speedcast GSI Gov,,13374
RETURNED,6/15/2020,Ed Lapasota,Returned from Vendor RTV# 13375,2274,Speedcast GSI Gov,,13375
VERIFIED,9/2/2020,Ed Lapasota,In-House 09.02.20 |,2275,Speedcast GSI Gov,,
VERIFIED,9/2/2020,Ed Lapasota,Unit in house (SPARES),2276,Speedcast GSI Gov,,
SHIPPED,1/20/2020,Ed Lapasota,Shipped to QJM 01.29.20,2277,QJM,,
VERIFIED,5/15/2020,Ed Lapasota,Unit in house | 05.15.20 Unit in House,2277,Speedcast GSI Gov,,
SHIPPED,2/20/2020,Ed Lapasota,Shipped to Vendor ,2278,Comtech,,
RETURNED,5/15/2020,Ed Lapasota,Unit in House - Test Rack ,2279,Speedcast GSI Gov,,
SHIPPED,1/20/2020,Ed Lapasota,Shipped to QJM 01.29.20,2280,QJM,,
VERIFIED,5/15/520,Ed Lapasota,Unit in house -Verified 05.15.20,2281,Speedcast GSI Gov,,
VERIFIED,5/15/2020,Ed Lapasota,Unit in house -Verified 05.15.20,2282,Speedcast GSI Gov,,
MISSING,9/2/2020,Ed Lapasota,Unit in house - ****Must Locate Unit****,2282,Unknown,,
VERIFIED,5/15/2020,Ed Lapasota,Unit in house -Verified ,2283,Speedcast GSI Gov,,
SHIPPED,7/9/2020,Ed Lapasota,Shipped back from QJA TEST RACK,2283,QJA,,
VERIFIED,5/15/2020,Ed Lapasota,Unit in house -Verified 05.15.20 ,2283,Speedcast GSI Gov,,
SHIPPED,6/19/2020,Ed Lapasota,Shipped to QYB ,2284,QYB,,
SHIPPED,7/9/2020,Ed Lapasota,Shipped back | BHF TEST RACK,2285,Speedcast GSI Gov,,
VERIFIED,5/15/2020,Ed Lapasota,Unit in house -Verified 05.15.20,2286,Speedcast GSI Gov,,
RETURNED,9/2/2020,Ed Lapasota,Returned from Vendor RTV# 13357,2286,Comtech,,13357
SHIPPED,3/6/2020,Ed Lapasota,Shipped to QEA,2287,QEA,,
RETURNED,5/15/2020,Ed Lapasota,Returned from QEA ,2288,Speedcast GSI Gov,,
SHIPPED,3/11/2020,Ed Lapasota,Shipped to QUZ 03.11.20,2289,QUZ,,
VERIFIED,5/15/2020,Ed Lapasota,Unit in house -Verified 05.15.20 | INV. 09120 |,2290,Speedcast GSI Gov,,
SHIPPED,1/17/2020,Ed Lapasota,Shipped to NAW 01.17.20,2291,NAW,,
SHIPPED,1/17/2020,Ed Lapasota,Shipped to NAW 01.17.20,2292,NAW,,
SHIPPED,1/27/2020,Ed Lapasota,Shipped to MLCA 1-27-20,2292,MLCA,,
SHIPPED,5/15/2020,Ed Lapasota,Shipping to MLCA ,2293,QEA,,
RETURNED,6/15/2020,Ed Lapasota, Returned from Bill O'Hare |TEST RACK 090120 |,2294,Speedcast GSI Gov,,
SHIPPED,1/16/2020,Ed Lapasota,"Shipped to Ken Green, Brewers Ct. 01.16.20",2295,Ken Green,,
SHIPPED,1/19/2020,Ed Lapasota,"Shipped to Ken Green, Brewers Ct. 01.16.20",2296,Ken Green,,
RETURNED,5/15/2020,Ed Lapasota,Returned from VendorINV. 090120,2297,Speedcast GSI Gov,,13356
VERIFIED,9/2/2020,Ed Lapasota,Cart - TEST 090220,2297,Speedcast GSI Gov,,
SHIPPED,1/21/2020,Ed Lapasota,Shipped to MLCA,2298,Speedcast GSI Gov,,
VERIFIED,5/15/2020,Ed Lapasota, Verified In House 05.15.20 | INV.090220 |,2299,Speedcast GSI Gov,,
SHIPPED,3/31/2020,Ed Lapasota,Shipped to GDT 03.31.20,2300,GDT,,
VERIFIED,9/2/2020,Ed Lapasota,Unit in house 090220 |,2301,Speedcast GSI Gov,,
VERIFIED,9/2/2020,Ed Lapasota,Unit in house - 090220 |,2301,Speedcast GSI Gov,,
RETURNED,2/25/2020,Ed Lapasota,Returned to vendor ,2302,Comtech,,
RETURNED,5/15/2020,Ed Lapasota, Returned from Vendor | Test RK 090220 ,2303,Speedcast GSI Gov,,
VERIFIED,5/15/2020,Ed Lapasota,Verified In House 05.15.20 | ,2304,Speedcast GSI Gov,,
VERIFIED,5/15/2020,Ed Lapasota,Verified In House 05.15.20 |,2305,Speedcast GSI Gov,,
VERIFIED,5/15/2020,Ed Lapasota,Verified In House 05.15.20 |  TEST RK 090220 |,2306,Speedcast GSI Gov,,
RETURNED,7/9/2020,Ed Lapasota,Shipped back from QJA 07.09.20 |  TEST RK 090220 |,2306,Speedcast GSI Gov,,
SHIPPED,1/21/2020,Ed Lapasota,Unit at QXU 1/21/20 awaiting return from site ,2306,Speedcast GSI Gov,,
RETURNED,5/15/2020,Ed Lapasota,In House ,2307,Speedcast GSI Gov,,
RETURNED,9/2/2020,Ed Lapasota,Test Rk ,2307,Speedcast GSI Gov,,
SHIPPED,1/21/2020,Ed Lapasota,Unit at QXU 1/21/20 awaiting return from site ,2308,QXU,,
VERIFIED,5/15/2020,Ed Lapasota,In House ,2309,Speedcast GSI Gov,,
VERIFIED,1/21/2020,Ed Lapasota,Unit at QXU 1/21/20 installed in rack ,2309,Speedcast GSI Gov,,
SHIPPED,1/27/2020,Ed Lapasota,Shipped to MLCA ,2310,MCLA,,
RETURNED,5/15/2020,Ed Lapasota, In House,2310,Speedcast GSI Gov,,
SHIPPED,1/29/2020,Ed Lapasota,In House,2311,QJM,,
RETURNED,5/15/2020,Ed Lapasota,In House,2311,Speedcast GSI Gov,,
SHIPPED,11/14/2019,Ed Lapasota,Shipped to vendor ,2312,Comtech,99654,
VERIFIED,9/2/2020,Ed Lapasota,Test Rk-09.02.20 ,2313,Speedcast GSI Gov,,
VERIFIED,5/15/2020,Ed Lapasota,In House 05.15.20 |,2314,Speedcast GSI Gov,,
VERIFIED,5/15/2020,Ed Lapasota,In House 05.15.20 |,2315,Speedcast GSI Gov,,
VERIFIED,5/15/2020,Ed Lapasota,In House 05.15.20 |,2316,Speedcast GSI Gov,,
VERIFIED,5/15/2020,Ed Lapasota,In House 05.15.20 |,2317,Speedcast GSI Gov,,
VERIFIED,5/15/2020,Ed Lapasota,In House 05.15.20 |,2318,Speedcast GSI Gov,,
VERIFIED,5/15/2020,Ed Lapasota,In House 05.15.20 |,2319,Speedcast GSI Gov,,
VERIFIED,5/15/2020,Ed Lapasota,In House 05.15.20 |,2320,Speedcast GSI Gov,,
VERIFIED,5/15/2020,Ed Lapasota,In House 05.15.20 |,2321,Speedcast GSI Gov,,
VERIFIED,9/2/2020,Ed Lapasota,In House 09.02.20 |,2322,Speedcast GSI Gov,,
SHIPPED,3/11/2020,Ed Lapasota,Shipped to QAF 03.11.20,2323,QAF,,
SHIPPED,3/11/2020,Ed Lapasota,Shipped to QUZ 03.11.20,2324,QUZ,,
RETURNED,6/15/2020,Ed Lapasota,VBUCK10AAXXXXXX is Model/N |  06.15.20 Returned from Bill 0'Hare,2325,Speedcast GSI Gov,,
RETURNED,6/15/2020,Ed Lapasota,VBUCK10AAXXXXXX is Model/N |  06.15.20 Returned from Bill 0'Hare,2326,Speedcast GSI Gov,,
MISSING,9/2/2020,Ed Lapasota,Find which site shipped,2327,Speedcast GSI Gov,,
VERIFIED,9/2/2020,Ed Lapasota,Unit in house,2328,Speedcast GSI Gov,,
VERIFIED,9/2/2020,Ed Lapasota,Unit in house,2329,Speedcast GSI Gov,,
VERIFIED,9/2/2020,Ed Lapasota,Unit in house,2330,Speedcast GSI Gov,,
VERIFIED,9/2/2020,Ed Lapasota,Unit in house | Test Rk 09.02.20 |,2331,Speedcast GSI Gov,,
VERIFIED,9/2/2020,Ed Lapasota,Unit in house | Test Rk 09.02.20 |,2332,Speedcast GSI Gov,,
VERIFIED,5/15/2020,Ed Lapasota,Unit in house | Verified In House 05.15.20,2333,Speedcast GSI Gov,,
SHIPPED,5/15/2020,Ed Lapasota,Unit in house | Shipping to MLCA 05.15.20,2334,Speedcast GSI Gov,,
VERIFIED,5/15/2020,Ed Lapasota,Unit in house | Verified In House 05.15.20,2334,Speedcast GSI Gov,,
VERIFIED,5/15/2020,Ed Lapasota,Unit in house | Verified In House ,2335,Speedcast GSI Gov,,
VERIFIED,9/2/2020,Ed Lapasota, CART - TEST 09.02.20 |,2336,Speedcast GSI Gov,,
VERIFIED,5/15/2020,Ed Lapasota,Unit in house | Shipping to MLCA 05.15.20,2337,MCLA,,
VERIFIED,5/15/2020,Ed Lapasota,Unit in house | Verified In House 05.15.20,2337,Speedcast GSI Gov,,
VERIFIED,5/15/2020,Ed Lapasota,Unit in house - Verified In House ,2338,Speedcast GSI Gov,,
VERIFIED,5/15/2020,Ed Lapasota, Shipped to QFI 06.19.20 ,2339,QFI,,
SHIPPED,9/2/2020,Ed Lapasota,TO BE RETURNED FOR REPAIR,2340,Speedcast GSI Gov,,
SHIPPED,9/2/2020,Ed Lapasota,TO BE RETURNED FOR REPAIR,2341,Speedcast GSI Gov,,
VERIFIED,7/9/2020,Ed Lapasota,Returned from QJA - John Kayanek Return to vendor (Pressure window) - 7/9/20,2342,Speedcast GSI Gov,,
RETURNED,7/9/2020,Ed Lapasota,Returned from QJA - John Kayanek - 7/9/20,2343,Speedcast GSI Gov,,
VERIFIED,9/2/2020,Ed Lapasota,INV.09.02.20 |,2344,Speedcast GSI Gov,,
VERIFIED,9/2/2020,Ed Lapasota,MARYLAND SPARES,2345,Speedcast GSI Gov,,
VERIFIED,9/2/2020,Ed Lapasota,MARYLAND SPARES,2346,Speedcast GSI Gov,,
SHIPPED,3/11/2020,Ed Lapasota,Shipped to EYW 03.11.20,2347,Speedcast GSI Gov,,
VERIFIED,9/2/2020,Ed Lapasota,In-House ,2348,Speedcast GSI Gov,,
SHIPPED,3/11/2020,Ed Lapasota,Shipped to EYW 03.11.20,2349,EYW,,
RETURNED,9/2/2020,Ed Lapasota,Unit returned to vendor - RMA 41319,2350,Speedcast GSI Gov,41319,
RETURNED,9/2/2020,Ed Lapasota,Unit in house - LOCATE BUC?????,2351,Unknown,,
RETURNED,9/2/2020,Ed Lapasota,units being returned to CPI to incorporate latest REVISIONS - Fault   RMA 41322,2352,Speedcast GSI Gov,41322,
RETURNED,9/2/2020,Ed Lapasota,units being returned to CPI to incorporate latest REVISIONS - Fault,2353,Speedcast GSI Gov,41318,
FAILED,9/2/2020,Ed Lapasota,Broken DC Conector  ,2354,Speedcast GSI Gov,41321,
RETURNED,9/2/2020,Ed Lapasota,units being returned to CPI to incorporate latest REVISIONS - Fault,2355,Speedcast GSI Gov,41320,
VERIFIED,5/15/2020,Ed Lapasota,In House 05.15.20,2356,Speedcast GSI Gov,,
RETURNED,5/15/2020,Ed Lapasota,Unit returned to vendor,2357,Comtech,41323,
VERIFIED,5/15/2020,Ed Lapasota,Unit in house | In House 05.15.20,2358,Speedcast GSI Gov,,
VERIFIED,9/2/2020,Ed Lapasota,Unit in house,2359,Speedcast GSI Gov,,
VERIFIED,2/4/2019,Ed Lapasota,1 Shipped to CTY on 2/4/19.  3 Units in house,2360,Speedcast GSI Gov,,
VERIFIED,9/2/2020,Ed Lapasota,Unit in house,2361,Speedcast GSI Gov,,
VERIFIED,9/2/2020,Ed Lapasota,Unit in house,2362,Speedcast GSI Gov,,
VERIFIED,9/2/2020,Ed Lapasota,,2363,Speedcast GSI Gov,,
VERIFIED,9/2/2020,Ed Lapasota,,2364,Speedcast GSI Gov,,
VERIFIED,9/2/2020,Ed Lapasota,,2365,Speedcast GSI Gov,,
VERIFIED,9/2/2020,Ed Lapasota,,2366,Speedcast GSI Gov,,
VERIFIED,9/2/2020,Ed Lapasota,,2367,Speedcast GSI Gov,,
VERIFIED,9/2/2020,Ed Lapasota,,2368,Speedcast GSI Gov,,
VERIFIED,9/2/2020,Ed Lapasota,,2369,Speedcast GSI Gov,,
VERIFIED,9/2/2020,Ed Lapasota,,2370,Speedcast GSI Gov,,
MISSING,9/2/2020,Ed Lapasota,MISSING DESICCANT BOTTLE 09.02.20 |,2371,Unknown,,
VERIFIED,9/2/2020,Ed Lapasota,,2372,Unknown,,
MISSING,9/2/2020,Ed Lapasota,MISSING DESICCANT BOTTLE 09.02.20 |,2373,Unknown,,
VERIFIED,9/2/2020,Ed Lapasota,Unit in house,2374,Speedcast GSI Gov,,
OBSOLETE,9/2/2020,Ed Lapasota,"Obsolete, not required",2375,Speedcast GSI Gov,,
VERIFIED,9/2/2020,Ed Lapasota,,2376,Speedcast GSI Gov,,
VERIFIED,9/2/2020,Ed Lapasota,Unit in test bed EQ#3,2377,Speedcast GSI Gov,,
SHIPPED,8/11/2020,Ed Lapasota,Unit in test rack warehouse | Shipping to ZBV 8/11/20 | ,2378,ZBV,,
VERIFIED,9/2/2020,Ed Lapasota,Unit in test rack warehouse | ,2379,Speedcast GSI Gov,,
SHIPPED,1/23/2020,Ed Lapasota,Shipped to BHF - Alan Danvers 01.23.20,2380,BHF,,
VERIFIED,9/2/2020,Ed Lapasota,Unit in house (To be located),2381,Unknown,,
VERIFIED,9/2/2020,Ed Lapasota,Unit in house (To be located),2382,Unknown,,
VERIFIED,9/2/2020,Ed Lapasota,Unit in house (To be located),2383,Unknown,,
VERIFIED,9/2/2020,Ed Lapasota,Unit in house (To be located),2384,Unknown,,
VERIFIED,9/2/2020,Ed Lapasota,Labeled Fly Away  (SRT750 Series),2385,Speedcast GSI Gov,,
VERIFIED,8/11/2020,Ed Lapasota,"Spare| Failed unit, received ""Fan Not Working"" Staged for RTV 8/11/20 |",2386,Speedcast GSI Gov,,
VERIFIED,9/2/2020,Ed Lapasota,Unit in house,2387,Speedcast GSI Gov,,
VERIFIED,9/2/2020,Ed Lapasota,Unit in house - OLD (USED) 09.02.20 |,2388,Speedcast GSI Gov,,
VERIFIED,9/2/2020,Ed Lapasota,Unit in house,2389,Speedcast GSI Gov,,
VERIFIED,9/2/2020,Ed Lapasota,Unit in house,2390,Speedcast GSI Gov,,
VERIFIED,9/2/2020,Ed Lapasota,Unit in house | Awaiting parts to complete 2 feed builds 09.02.20 |,2391,Speedcast GSI Gov,,
VERIFIED,9/2/2020,Ed Lapasota,Unit in house,2392,Speedcast GSI Gov,,
VERIFIED,9/2/2020,Ed Lapasota,Unit in house,2393,Speedcast GSI Gov,,
VERIFIED,9/2/2020,Ed Lapasota,,2394,Speedcast GSI Gov,,
VERIFIED,9/2/2020,Ed Lapasota,Unit in house 09.02.20 |,2395,Speedcast GSI Gov,,
VERIFIED,9/2/2020,Ed Lapasota,Unit in house 09.02.20 |,2396,Speedcast GSI Gov,,
VERIFIED,9/2/2020,Ed Lapasota,Unit in house 09.02.20 |,2397,Speedcast GSI Gov,,
VERIFIED,9/2/2020,Ed Lapasota,Unit in house 09.02.20 |,2398,Speedcast GSI Gov,,
VERIFIED,9/2/2020,Ed Lapasota,Unit in house 09.02.20 |,2399,Speedcast GSI Gov,,
VERIFIED,9/2/2020,Ed Lapasota,Unit in house 09.02.20 |,2400,Speedcast GSI Gov,,
VERIFIED,9/2/2020,Ed Lapasota,unit in house ,2401,Speedcast GSI Gov,,
VERIFIED,9/2/2020,Ed Lapasota,"Unit in house | 4 Old with AC molex Pin, 4 New with AC connector 09.02.20 |",2402,Speedcast GSI Gov,,
VERIFIED,9/2/2020,Ed Lapasota,Unit in house,2403,Speedcast GSI Gov,,
VERIFIED,9/2/2020,Ed Lapasota,material in house stored in GNSC warehouse,2404,GNSC,,
VERIFIED,9/2/2020,Ed Lapasota,material in house stoted in GNSC warehouse,2405,GNSC,,
VERIFIED,9/2/2020,Ed Lapasota,to be recycled at a later date,2406,Speedcast GSI Gov,,
VERIFIED,9/2/2020,Ed Lapasota,Unit in house,2407,Speedcast GSI Gov,,
VERIFIED,9/2/2020,Ed Lapasota,Unit in house,2408,Speedcast GSI Gov,,
VERIFIED,9/2/2020,Ed Lapasota,Unit in house,2409,Speedcast GSI Gov,,
VERIFIED,9/2/2020,Ed Lapasota,Unit in house,2410,Speedcast GSI Gov,,
VERIFIED,9/2/2020,Ed Lapasota,Unit in house,2411,Speedcast GSI Gov,,
VERIFIED,9/2/2020,Ed Lapasota,Unit in house - USED,2412,Speedcast GSI Gov,,
VERIFIED,9/2/2020,Ed Lapasota,Unit in house - NEW,2413,Speedcast GSI Gov,,
VERIFIED,9/2/2020,Ed Lapasota,,2414,Speedcast GSI Gov,,
VERIFIED,9/2/2020,Ed Lapasota,Unit in house - NEW,2415,Speedcast GSI Gov,,
SHIPPED,7/7/2020,Ed Lapasota,Shipped to ZBV 07.07.20,2416,Speedcast GSI Gov,,
FAILED,9/2/2020,Ed Lapasota,"FAILED **Doesn't Switch** OLD (MAY TRASH, CONFIRM WITH ED",2417,Speedcast GSI Gov,,
VERIFIED,9/2/2020,Ed Lapasota,Unit in house - NEW,2418,Speedcast GSI Gov,,
VERIFIED,9/2/2020,Ed Lapasota,Unit in house - OLD (USED),2419,Speedcast GSI Gov,,
VERIFIED,9/2/2020,Ed Lapasota,Unit in house - NEW,2420,Speedcast GSI Gov,,
VERIFIED,9/2/2020,Ed Lapasota,Unit in house,2421,Speedcast GSI Gov,,
VERIFIED,9/2/2020,Ed Lapasota,Unit in house - NEW,2422,Speedcast GSI Gov,,
VERIFIED,9/2/2020,Ed Lapasota,Unit in house - NEW,2423,Speedcast GSI Gov,,
VERIFIED,9/2/2020,Ed Lapasota,Unit in house - NEW,2424,Speedcast GSI Gov,,
VERIFIED,9/2/2020,Ed Lapasota,Unit in house - NEW,2425,Speedcast GSI Gov,,
VERIFIED,9/2/2020,Ed Lapasota,Unit in house - NEW,2426,Speedcast GSI Gov,,
VERIFIED,9/2/2020,Ed Lapasota,Unit in house - USED,2427,Speedcast GSI Gov,,
VERIFIED,9/2/2020,Ed Lapasota,Unit in house - NEW,2428,Speedcast GSI Gov,,
VERIFIED,9/2/2020,Ed Lapasota,Unit in house - USED (LIGHTLY),2429,Speedcast GSI Gov,,
VERIFIED,9/2/2020,Ed Lapasota,Unit in house - NEW - SCREW ON COVER,2430,Speedcast GSI Gov,,
VERIFIED,9/2/2020,Ed Lapasota,Unit in house - NEW - SCREW ON COVER,2431,Speedcast GSI Gov,,
VERIFIED,9/2/2020,Ed Lapasota,,2432,Speedcast GSI Gov,,
VERIFIED,9/2/2020,Ed Lapasota,,2433,Speedcast GSI Gov,,
VERIFIED,9/2/2020,Ed Lapasota,Unit in house - NEW - SCREW ON COVER,2434,Speedcast GSI Gov,,
VERIFIED,9/2/2020,Ed Lapasota,Unit in house - NEW - SCREW ON COVER,2435,Speedcast GSI Gov,,
VERIFIED,7/9/2020,Ed Lapasota,Returned from QJA - John Kayanek (part of spare feed Assy),2436,Speedcast GSI Gov,,
VERIFIED,9/2/2020,Ed Lapasota,TEST RACK 09.02.20 |,2437,Speedcast GSI Gov,,
VERIFIED,9/2/2020,Ed Lapasota,Unit in house - Used,2438,Speedcast GSI Gov,,
VERIFIED,9/2/2020,Ed Lapasota,,2439,Speedcast GSI Gov,,
VERIFIED,9/2/2020,Ed Lapasota,Unit in house - NEW,2440,Speedcast GSI Gov,,
VERIFIED,9/2/2020,Ed Lapasota,TEST RACK 09.02.20 |,2441,Speedcast GSI Gov,,
VERIFIED,9/2/2020,Ed Lapasota,,2442,Speedcast GSI Gov,,
VERIFIED,9/2/2020,Ed Lapasota,Unit in house - NEW,2443,Speedcast GSI Gov,,
VERIFIED,9/2/2020,Ed Lapasota,,2444,Speedcast GSI Gov,,
VERIFIED,9/2/2020,Ed Lapasota,,2445,Speedcast GSI Gov,,
VERIFIED,9/2/2020,Ed Lapasota,,2446,Speedcast GSI Gov,,
VERIFIED,9/2/2020,Ed Lapasota,,2447,Speedcast GSI Gov,,
VERIFIED,9/2/2020,Ed Lapasota,,2448,Speedcast GSI Gov,,
VERIFIED,9/2/2020,Ed Lapasota,,2449,Speedcast GSI Gov,,
OBSOLETE,9/2/2020,Ed Lapasota,OBSOLETE USED WITH OLD PARADISE CONTROLLERS,2450,Speedcast GSI Gov,,
OBSOLETE,9/2/2020,Ed Lapasota,OBSOLETE USED WITH OLD PARADISE CONTROLLERS,2451,Speedcast GSI Gov,,
VERIFIED,9/2/2020,Ed Lapasota,Unit in house STORED AT GNSC,2452,Speedcast GSI Gov,,
VERIFIED,9/2/2020,Ed Lapasota,,2453,Speedcast GSI Gov,,
VERIFIED,6/5/2020,Ed Lapasota,Unit in house Verified 06.05.20,2454,Speedcast GSI Gov,,
VERIFIED,6/5/2020,Ed Lapasota,Unit in house Verified 06.05.20,2455,Speedcast GSI Gov,,
VERIFIED,6/5/2020,Ed Lapasota,Unit in house Verified 06.05.20,2456,Speedcast GSI Gov,,
VERIFIED,6/5/2020,Ed Lapasota,Unit in house Verified 06.05.20,2457,Speedcast GSI Gov,,
VERIFIED,6/5/2020,Ed Lapasota,Unit in house Verified 06.05.20,2458,Speedcast GSI Gov,,
VERIFIED,9/2/2020,Ed Lapasota,Fully populated FXS/XFO Shelf with (1) ringer module and spare 6131A Modules,2459,Speedcast GSI Gov,,
VERIFIED,9/2/2020,Ed Lapasota,Unit in house,2460,Speedcast GSI Gov,,
VERIFIED,9/2/2020,Ed Lapasota,Unit in house,2461,Speedcast GSI Gov,,
VERIFIED,9/2/2020,Ed Lapasota,Unit in house,2462,Speedcast GSI Gov,,
VERIFIED,9/2/2020,Ed Lapasota,Unit in house,2463,Speedcast GSI Gov,,
VERIFIED,9/2/2020,Ed Lapasota,Unit in house,2464,Speedcast GSI Gov,,
VERIFIED,9/2/2020,Ed Lapasota,Unit in house,2465,Speedcast GSI Gov,,
VERIFIED,9/2/2020,Ed Lapasota,Unit in house,2466,Speedcast GSI Gov,,
VERIFIED,9/2/2020,Ed Lapasota,Unit in house,2467,Speedcast GSI Gov,,
VERIFIED,9/2/2020,Ed Lapasota,,2468,Speedcast GSI Gov,,
VERIFIED,9/2/2020,Ed Lapasota,Unit in house,2469,Speedcast GSI Gov,,
VERIFIED,9/2/2020,Ed Lapasota,Unit in house,2470,Speedcast GSI Gov,,
VERIFIED,9/2/2020,Ed Lapasota,Unit in house,2471,Speedcast GSI Gov,,
VERIFIED,9/2/2020,Ed Lapasota,,2472,Speedcast GSI Gov,,
VERIFIED,9/2/2020,Ed Lapasota,,2473,Speedcast GSI Gov,,
VERIFIED,9/2/2020,Ed Lapasota,,2474,Speedcast GSI Gov,,
VERIFIED,9/2/2020,Ed Lapasota,in  House,2475,Speedcast GSI Gov,,
VERIFIED,9/2/2020,Ed Lapasota,in  House,2476,Speedcast GSI Gov,,
VERIFIED,9/2/2020,Ed Lapasota,in  House,2477,Speedcast GSI Gov,,
VERIFIED,9/2/2020,Ed Lapasota,in  House,2478,Speedcast GSI Gov,,
VERIFIED,9/2/2020,Ed Lapasota,"2 Flyaway is GSI NY, 1 Flyaway is TSS Melbourne FL",2479,TSS,,
SHIPPED,9/2/2020,Ed Lapasota,"(1) deployed to BHF (,1) deployed to MYAF",2480,MYAF,,
VERIFIED,9/2/2020,Ed Lapasota,Equipment Located at GSM Maryland,2481,GSM,,
VERIFIED,9/2/2020,Ed Lapasota,"Equipment Located at TSS Melbourne, FL",2482,TSS,,
VERIFIED,9/2/2020,Ed Lapasota,,2483,Speedcast GSI Gov,,
VERIFIED,9/2/2020,Ed Lapasota,,2484,Speedcast GSI Gov,,
VERIFIED,9/2/2020,Ed Lapasota,,2485,Speedcast GSI Gov,,
VERIFIED,9/2/2020,Ed Lapasota,,2486,Speedcast GSI Gov,,
VERIFIED,9/2/2020,Ed Lapasota,,2487,Speedcast GSI Gov,,
SHIPPED,2/14/2020,Ed Lapasota,Sent 1 to ZSU 02.14.20,2488,ZSU,,
SHIPPED,2/14/2020,Ed Lapasota,Sent to ZSU 02.14.20,2489,ZSU,,
VERIFIED,11/14/2019,Ed Lapasota,new black ones - Sent to vendor 11/14/19 - RMA P-210,2490,Speedcast GSI Gov,P-210,
VERIFIED,9/2/2020,Ed Lapasota,Old whte ones,2491,Speedcast GSI Gov,,
VERIFIED,9/2/2020,Ed Lapasota,In-House 09.02.20 |,2492,Speedcast GSI Gov,,
VERIFIED,9/2/2020,Ed Lapasota,In-House 09.02.20 |,2493,Speedcast GSI Gov,,
VERIFIED,9/2/2020,Ed Lapasota,In-House 09.02.20 |,2494,Speedcast GSI Gov,,
VERIFIED,9/2/2020,Ed Lapasota,In-House 09.02.20 |,2494,Speedcast GSI Gov,,
SHIPPED,2/25/2020,Ed Lapasota,To be used for in-house testing only-DO NOT DEPLOY TO FIELD  - Returned to vendor ,2495,Speedcast GSI Gov,,
RETURNED,5/15/2020,Ed Lapasota,In House 05.15.19,2495,Speedcast GSI Gov,,
SHIPPED,2/25/2020,Ed Lapasota,To be used for in-house testing only-DO NOT DEPLOY TO FIELD  - Returned to vendor 02.25.20 | In House 05.15.20,2496,Speedcast GSI Gov,,
RETURNED,5/15/2020,Ed Lapasota,To be used for in-house testing only-DO NOT DEPLOY TO FIELD  - Returned to vendor 02.25.20 | In House 05.15.20,2496,Speedcast GSI Gov,,
SHIPPED,2/25/2020,Ed Lapasota,To be used for in-house testing only-DO NOT DEPLOY TO FIELD  -In House - Returned from Vendor 05.15.20 ,2497,Speedcast GSI Gov,,
RETURNED,5/15/2020,Ed Lapasota,To be used for in-house testing only-DO NOT DEPLOY TO FIELD  -In House - Returned from Vendor 05.15.20 ,2498,Speedcast GSI Gov,,
VERIFIED,9/2/2020,Ed Lapasota,,2499,Speedcast GSI Gov,,
VERIFIED,9/2/2020,Ed Lapasota,,2500,Speedcast GSI Gov,,
VERIFIED,9/2/2020,Ed Lapasota,,2501,Speedcast GSI Gov,,
VERIFIED,9/2/2020,Ed Lapasota,,2502,Speedcast GSI Gov,,
VERIFIED,9/2/2020,Ed Lapasota,,2503,Speedcast GSI Gov,,
VERIFIED,9/2/2020,Ed Lapasota,,2504,Speedcast GSI Gov,,
VERIFIED,9/2/2020,Ed Lapasota,,2505,Speedcast GSI Gov,,
VERIFIED,9/2/2020,Ed Lapasota,,2506,Speedcast GSI Gov,,
VERIFIED,9/2/2020,Ed Lapasota,,2507,Speedcast GSI Gov,,
VERIFIED,9/2/2020,Ed Lapasota,,2508,Speedcast GSI Gov,,
VERIFIED,9/2/2020,Ed Lapasota,,2509,Speedcast GSI Gov,,
VERIFIED,9/2/2020,Ed Lapasota,,2510,Speedcast GSI Gov,,
VERIFIED,9/2/2020,Ed Lapasota,,2511,Speedcast GSI Gov,,
VERIFIED,9/2/2020,Ed Lapasota,,2512,Speedcast GSI Gov,,
VERIFIED,9/2/2020,Ed Lapasota,,2513,Speedcast GSI Gov,,
VERIFIED,9/2/2020,Ed Lapasota,,2514,Speedcast GSI Gov,,
VERIFIED,9/2/2020,Ed Lapasota,,2515,Speedcast GSI Gov,,
VERIFIED,9/2/2020,Ed Lapasota,,2516,Speedcast GSI Gov,,
VERIFIED,9/2/2020,Ed Lapasota,,2517,Speedcast GSI Gov,,
VERIFIED,9/2/2020,Ed Lapasota,,2518,Speedcast GSI Gov,,
VERIFIED,9/2/2020,Ed Lapasota,,2519,Speedcast GSI Gov,,
VERIFIED,9/2/2020,Ed Lapasota,,2520,Speedcast GSI Gov,,
SHIPPED,9/2/2020,Ed Lapasota,Shipping to EMI - TBD,2521,EMI Gateway,,
SHIPPED,9/2/2020,Ed Lapasota,Shipping to CMA,2522,CMA,,
SHIPPED,9/2/2020,Ed Lapasota,Shipping to CMA,2523,CMA,,
RETURNED,9/2/2020,Ed Lapasota,Returned to Vendor - WRCA,2524,WRCA,,
RETURNED,9/2/2020,Ed Lapasota,Returned to Vendor - WRCA,2525,WRCA,,
SHIPPED,9/2/2020,Ed Lapasota,NO RS422 Interface PIGGYBACK CARD | Shipping to EMI - TBD,2526,EMI Gateway,,
SHIPPED,9/2/2020,Ed Lapasota,NO RS422 Interface PIGGYBACK CARD | Shipping to CMA - TBD,2527,CMA,,
SHIPPED,9/2/2020,Ed Lapasota,NO RS422 Interface PIGGYBACK CARD | Shipping to EMI - TBD,2528,EMI Gateway,,
SHIPPED,9/2/2020,Ed Lapasota,NO RS422 Interface PIGGYBACK CARD | Shipping to CMA - TBD,2529,CMA,,
SHIPPED,9/2/2020,Ed Lapasota,NO RS422 Interface PIGGYBACK CARD,2530,Speedcast GSI Gov,,
SHIPPED,9/2/2020,Ed Lapasota,NO RS422 Interface PIGGYBACK CARD,2531,Speedcast GSI Gov,,
SHIPPED,9/2/2020,Ed Lapasota,,2532,Speedcast GSI Gov,,
SHIPPED,9/2/2020,Ed Lapasota,,2533,Speedcast GSI Gov,,
SHIPPED,9/2/2020,Ed Lapasota,,2534,Speedcast GSI Gov,,
SHIPPED,9/2/2020,Ed Lapasota,,2535,Speedcast GSI Gov,,
SHIPPED,9/2/2020,Ed Lapasota,,2536,Speedcast GSI Gov,,
SHIPPED,9/2/2020,Ed Lapasota,,2537,Speedcast GSI Gov,,
SHIPPED,9/2/2020,Ed Lapasota,,2538,Speedcast GSI Gov,,
SHIPPED,9/2/2020,Ed Lapasota,,2539,Speedcast GSI Gov,,
SHIPPED,9/2/2020,Ed Lapasota,,2540,Speedcast GSI Gov,,
SHIPPED,9/2/2020,Ed Lapasota,,2541,Speedcast GSI Gov,,
SHIPPED,9/2/2020,Ed Lapasota,,2542,Speedcast GSI Gov,,
SHIPPED,9/2/2020,Ed Lapasota,IN-House,2543,Speedcast GSI Gov,,
SHIPPED,9/2/2020,Ed Lapasota,IN-House,2544,Speedcast GSI Gov,,
SHIPPED,9/2/2020,Ed Lapasota,,2545,Speedcast GSI Gov,,
SHIPPED,9/2/2020,Ed Lapasota,IN-House,2546,Speedcast GSI Gov,,
SHIPPED,3/11/2020,Ed Lapasota,Shipped to QUZ 03.11.20,2547,QUZ,,
SHIPPED,9/2/2020,Ed Lapasota,IN-House,2548,Speedcast GSI Gov,,
SHIPPED,9/2/2020,Ed Lapasota,IN-House,2549,Speedcast GSI Gov,,
SHIPPED,9/2/2020,Ed Lapasota,IN-House,2550,Speedcast GSI Gov,,
SHIPPED,9/2/2020,Ed Lapasota,IN-House,2551,Speedcast GSI Gov,,
SHIPPED,9/2/2020,Ed Lapasota,IN-House,2552,Speedcast GSI Gov,,
SHIPPED,6/5/2020,Ed Lapasota,CPV RACK 06.05.20,2553,Speedcast GSI Gov,,
SHIPPED,6/5/2020,Ed Lapasota,NQX RACK 06.05.20 | Received 06.08.20 ,2554,Speedcast GSI Gov,,
SHIPPED,9/2/2020,Ed Lapasota,In-House,2555,Speedcast GSI Gov,,
SHIPPED,9/2/2020,Ed Lapasota,IN-House,2556,Speedcast GSI Gov,,
SHIPPED,9/2/2020,Ed Lapasota,IN-House,2557,Speedcast GSI Gov,,
SHIPPED,9/2/2020,Ed Lapasota,IN-House,2558,Speedcast GSI Gov,,
SHIPPED,9/2/2020,Ed Lapasota,IN-House,2559,Speedcast GSI Gov,,
SHIPPED,9/2/2020,Ed Lapasota,IN-House,2560,Speedcast GSI Gov,,
SHIPPED,9/2/2020,Ed Lapasota,IN-House,2561,Speedcast GSI Gov,,
SHIPPED,9/2/2020,Ed Lapasota,IN-House,2562,Speedcast GSI Gov,,
SHIPPED,9/2/2020,Ed Lapasota,IN-House,2563,Speedcast GSI Gov,,
SHIPPED,9/2/2020,Ed Lapasota,IN-House,2564,Speedcast GSI Gov,,
SHIPPED,9/2/2020,Ed Lapasota,IN-House,2565,Speedcast GSI Gov,,
MISSING,9/2/2020,Ed Lapasota,VERIFY LOCATON,2566,UNK,,
SHIPPED,9/2/2020,Ed Lapasota,IN-House,2567,Speedcast GSI Gov,,
SHIPPED,9/2/2020,Ed Lapasota,IN-House,2568,Speedcast GSI Gov,,
SHIPPED,9/2/2020,Ed Lapasota,IN-House,2569,Speedcast GSI Gov,,
SHIPPED,9/2/2020,Ed Lapasota,IN-House,2570,Speedcast GSI Gov,,
SHIPPED,9/2/2020,Ed Lapasota,IN-House,2571,Speedcast GSI Gov,,
SHIPPED,9/2/2020,Ed Lapasota,IN-House,2572,Speedcast GSI Gov,,
SHIPPED,9/2/2020,Ed Lapasota,IN-House,2573,BHF,,
SHIPPED,9/2/2020,Ed Lapasota,Test Rack - BHF,2574,Speedcast GSI Gov,,
SHIPPED,9/2/2020,Ed Lapasota,IN-House,2575,Speedcast GSI Gov,,
SHIPPED,9/2/2020,Ed Lapasota,IN-House,2576,Speedcast GSI Gov,,
RETURNED,6/15/2020,Ed Lapasota,SCG TEST RACK 05.21.20 | shipped to QJA 5.29.20 | 6.15.20 returned from QJA | IN-House,2577,SCG,,
SHIPPED,3/31/2020,Ed Lapasota,"Shipped to QJA 01.17.20, GDT 03.31.20",2578,QJA,,
SHIPPED,1/29/2020,Ed Lapasota,Shipped to QUZ 01.29.20,2578,GUZ,,
SHIPPED,4/17/2020,Ed Lapasota,Shipped to QOM ,2579,QOM,,
SHIPPED,6/4/2020,Ed Lapasota,Shipped to QOM ,2580,QOM,,
TESTING,9/2/2020,Ed Lapasota,Pre-testing in FAA-TB Rack EQ #3 -,2581,Speedcast GSI Gov,,
SHIPPED,9/2/2020,Ed Lapasota,SHIPPING TO QXU TBD |,2581,QXU,,
SHIPPED,3/27/2020,Ed Lapasota,Shipped to GGW 03.27.20 | Returned from GGW 09.02.20 |,2582,GGW,,
RETURNED,9/2/2020,Ed Lapasota,Shipped to GGW 03.27.20 | Returned from GGW 09.02.20 |,2583,Speedcast GSI Gov,,
MISSING,9/2/2020,Ed Lapasota,Verify Location,2584,Speedcast GSI Gov,,
TESTING,9/2/2020,Ed Lapasota,Return from ZIN to be tested,2585,Speedcast GSI Gov,,
VERIFIED,9/2/2020,Ed Lapasota,RTV 13315,2586,Speedcast GSI Gov,,13315
SHIPPED,4/17/2020,Ed Lapasota,Shipped to RSW 04.17.20,2586,RSW,,
SHIPPED,5/21/2020,Ed Lapasota,Shipped to QJA ,2587,QJA,,
RETURNED,6/15/2020,Ed Lapasota,Returned from Bill 0'Hare | Test Rack |,2588,Speedcast GSI Gov,,
VERIFIED,9/2/2020,Ed Lapasota,,2589,Speedcast GSI Gov,,
RETURNED,6/15/2020,Ed Lapasota,Returned from John Kayanek 06.15.20 ,2590,Speedcast GSI Gov,,
RETURNED,7/9/2020,Ed Lapasota,Returned from QJA - John Kayanek - 7/9/20 | Test Rack |,2591,Speedcast GSI Gov,,
RETURNED,9/2/2020,Ed Lapasota,Return from Harris Mobile Gateway (LOADED) 063020,2592,Speedcast GSI Gov,,
RETURNED,9/2/2020,Ed Lapasota,Return from Harris Mobile Gateway (LOADED) 063020,2593,Speedcast GSI Gov,,
RETURNED,9/2/2020,Ed Lapasota,Return from Harris Mobile Gateway (LOADED) 063020,2594,Speedcast GSI Gov,,
RETURNED,9/2/2020,Ed Lapasota,Return from Harris Mobile Gateway (LOADED) 063020,2595,Speedcast GSI Gov,,
VERIFIED,9/2/2020,Ed Lapasota,In-House,2596,Speedcast GSI Gov,,
VERIFIED,9/2/2020,Ed Lapasota,In-House,2597,Speedcast GSI Gov,,
VERIFIED,9/2/2020,Ed Lapasota,In-House,2598,Speedcast GSI Gov,,
VERIFIED,9/2/2020,Ed Lapasota,In-House,2599,Speedcast GSI Gov,,
VERIFIED,9/2/2020,Ed Lapasota,In-House,2600,Speedcast GSI Gov,,
VERIFIED,9/2/2020,Ed Lapasota,In-House,2601,Speedcast GSI Gov,,
VERIFIED,9/2/2020,Ed Lapasota,In-House,2602,Speedcast GSI Gov,,
VERIFIED,9/2/2020,Ed Lapasota,In-House,2603,Speedcast GSI Gov,,
VERIFIED,9/2/2020,Ed Lapasota,In-House,2604,Speedcast GSI Gov,,
RETURNED,6/15/2020,Ed Lapasota,06.15.20 Returned from Bill 0'Hare,2605,Speedcast GSI Gov,,
VERIFIED,9/2/2020,Ed Lapasota,In-House,2606,Speedcast GSI Gov,,
VERIFIED,9/2/2020,Ed Lapasota,In-House,2607,Speedcast GSI Gov,,
VERIFIED,9/2/2020,Ed Lapasota,In-House,2608,Speedcast GSI Gov,,
VERIFIED,9/2/2020,Ed Lapasota,No GDC SN's on cards.  SN's assigned by GSI,2609,Speedcast GSI Gov,,
VERIFIED,9/2/2020,Ed Lapasota,No GDC SN's on cards.  SN's assigned by GSI,2610,Speedcast GSI Gov,,
VERIFIED,9/2/2020,Ed Lapasota,No GDC SN's on cards.  SN's assigned by GSI,2611,Speedcast GSI Gov,,
VERIFIED,6/3/2020,Ed Lapasota,PiggyBack Removed from card - In House 06.03.20,2612,Speedcast GSI Gov,,
RETURNED,7/9/2020,Ed Lapasota,Returned from QJA - John Kayanek - 7/9/20,2613,Speedcast GSI Gov,,
SHIPPED,7/9/2020,Ed Lapasota,Shipping to QXU - TBD |,2614,QXU,,
VERIFIED,9/2/2020,Ed Lapasota,In-House ,2615,Speedcast GSI Gov,,
VERIFIED,9/2/2020,Ed Lapasota,In-House ,2616,Speedcast GSI Gov,,
VERIFIED,9/2/2020,Ed Lapasota,In-House ,2617,Speedcast GSI Gov,,
VERIFIED,9/2/2020,Ed Lapasota,In-House ,2618,Speedcast GSI Gov,,
VERIFIED,9/2/2020,Ed Lapasota,In-House ,2619,Speedcast GSI Gov,,
VERIFIED,9/2/2020,Ed Lapasota,In-House ,2620,Speedcast GSI Gov,,
VERIFIED,9/2/2020,Ed Lapasota,In-House ,2621,Speedcast GSI Gov,,
MISSING,9/2/2020,Ed Lapasota,Verify Location,2622,Speedcast GSI Gov,,
VERIFIED,9/2/2020,Ed Lapasota,In-House ,2623,Speedcast GSI Gov,,
VERIFIED,9/2/2020,Ed Lapasota,In-House ,2624,Speedcast GSI Gov,,
VERIFIED,9/2/2020,Ed Lapasota,,2624,Speedcast GSI Gov,,
RETURNED,6/1/2020,Ed Lapasota,Returned From GDC 06.01.20 |  Assigned to CPV 06.02.20 |,2625,Speedcast GSI Gov,,
ASSIGNED,6/2/2020,Ed Lapasota,Returned From GDC 06.01.20 |  Assigned to CPV 06.02.20 |,2626,Speedcast GSI Gov,,
RETURNED,6/1/2020,Ed Lapasota,Returned From GDC 06.01.20 |  ,2627,Speedcast GSI Gov,,
MISSING,9/2/2020,Ed Lapasota,Verify Location,2628,Speedcast GSI Gov,,
VERIFIED,9/2/2020,Ed Lapasota,In-House ,2629,Speedcast GSI Gov,,
VERIFIED,9/2/2020,Ed Lapasota,In-House ,2630,Speedcast GSI Gov,,
VERIFIED,9/2/2020,Ed Lapasota,In-House ,2631,Speedcast GSI Gov,,
VERIFIED,9/2/2020,Ed Lapasota,In-House ,2632,Speedcast GSI Gov,,
VERIFIED,9/2/2020,Ed Lapasota,In-House ,2633,Speedcast GSI Gov,,
VERIFIED,9/2/2020,Ed Lapasota,,2634,Speedcast GSI Gov,,
VERIFIED,9/2/2020,Ed Lapasota,In-House,2635,Speedcast GSI Gov,,
VERIFIED,9/2/2020,Ed Lapasota,,2636,Speedcast GSI Gov,,
MISSING,9/2/2020,Ed Lapasota,Verify Location,2637,Speedcast GSI Gov,,
VERIFIED,9/2/2020,Ed Lapasota,,2638,Speedcast GSI Gov,,
SHIPPED,9/2/2020,Ed Lapasota,Shipping to QXU - TBD |,2639,Speedcast GSI Gov,,
VERIFIED,9/2/2020,Ed Lapasota,,2640,Speedcast GSI Gov,,
VERIFIED,9/2/2020,Ed Lapasota,,2641,Speedcast GSI Gov,,
VERIFIED,9/2/2020,Ed Lapasota,,2642,Speedcast GSI Gov,,
MISSING,9/2/2020,Ed Lapasota,Verify Location,2643,Speedcast GSI Gov,,
VERIFIED,9/2/2020,Ed Lapasota,,2644,Speedcast GSI Gov,,
VERIFIED,9/2/2020,Ed Lapasota,In-House ,2645,Speedcast GSI Gov,,
VERIFIED,9/2/2020,Ed Lapasota,In-House ,2645,Speedcast GSI Gov,,
SHIPPED,4/17/2020,Ed Lapasota,Shipped to QOM ,2646,OOM,,
SHIPPED,4/17/2020,Ed Lapasota,Shipped to QOM,2646,OOM,,
SHIPPED,3/27/2020,Ed Lapasota,Shipped to GGW,2647,Speedcast GSI Gov,,
RETURNED,9/2/2020,Ed Lapasota,Returned from GGW ,2648,Speedcast GSI Gov,,
FAILED,6/8/2020,Ed Lapasota,Failed during testing - Received in  06.08.20 |,2649,Speedcast GSI Gov,,
MISSING,9/2/2020,Ed Lapasota,Verify Location,2650,Unknown,,
VERIFIED,9/2/2020,Ed Lapasota,,2651,Speedcast GSI Gov,,
VERIFIED,9/2/2020,Ed Lapasota,,2652,Speedcast GSI Gov,,
VERIFIED,9/2/2020,Ed Lapasota,,2653,Speedcast GSI Gov,,
VERIFIED,9/2/2020,Ed Lapasota,Return from ZIN to be tested,2654,Speedcast GSI Gov,,
VERIFIED,9/2/2020,Ed Lapasota,Return from ZIN to be tested,2655,Speedcast GSI Gov,,
VERIFIED,9/2/2020,Ed Lapasota,Return from ZIN to be tested Verify Location,2656,Speedcast GSI Gov,,
VERIFIED,9/2/2020,Ed Lapasota,Return from ZIN to be tested,2657,Speedcast GSI Gov,,
VERIFIED,9/2/2020,Ed Lapasota,RTV 13313 Verify Location,2658,Unknown,,
VERIFIED,9/2/2020,Ed Lapasota,Return from ZSU to be tested | BHF TEST RACK |,2659,Speedcast GSI Gov,,
VERIFIED,9/2/2020,Ed Lapasota,Return from ZSU to be tested,2660,Speedcast GSI Gov,,
VERIFIED,6/5/2020,Ed Lapasota,Return from ZSU to be tested | In House 06.05.20 |,2661,Speedcast GSI Gov,,
SHIPPED,3/11/2020,Ed Lapasota,Shipped to ZIN 03.11.20 | Returned from BHF |,2662,Speedcast GSI Gov,,
RETURNED,1/6/2020,Ed Lapasota,Return from M. Feustel 1/6/20 - Add to Inventory,2663,Speedcast GSI Gov,,
RETURNED,1/6/2020,Ed Lapasota,Return from M. Feustel 1/6/20 - Add to Inventory,2664,Speedcast GSI Gov,,
RETURNED,1/6/2020,Ed Lapasota,Return from M. Feustel 1/6/20 - Add to Inventory,2664,Speedcast GSI Gov,,
SHIPPED,6/5/2020,Ed Lapasota,Shipped to QJA 01.17.20 | In House 06.05.20 |,2665,Speedcast GSI Gov,,
SHIPPED,6/5/2020,Ed Lapasota,Shipped to QJA 01.17.20 | In House 06.05.20 |,2666,Speedcast GSI Gov,,
VERIFIED,9/2/2020,Ed Lapasota,In-House,2667,Unknown,,
MISSING,9/2/2020,Ed Lapasota,In-House | WHERE?,2668,Speedcast GSI Gov,,
VERIFIED,9/2/2020,Ed Lapasota,In-House,2669,Speedcast GSI Gov,,
VERIFIED,9/2/2020,Ed Lapasota,In-House,2670,Speedcast GSI Gov,,
VERIFIED,9/2/2020,Ed Lapasota,In-House,2671,Speedcast GSI Gov,,
VERIFIED,9/2/2020,Ed Lapasota,In-House,2672,Speedcast GSI Gov,,
VERIFIED,9/2/2020,Ed Lapasota,In-House,2673,Speedcast GSI Gov,,
VERIFIED,9/2/2020,Ed Lapasota,In-House,2674,Speedcast GSI Gov,,
VERIFIED,9/2/2020,Ed Lapasota,Returned from BHF | In-House,2675,Speedcast GSI Gov,,
VERIFIED,9/2/2020,Ed Lapasota,Returned from BHF | In-House,2676,Speedcast GSI Gov,,
VERIFIED,9/2/2020,Ed Lapasota,In-House,2677,Speedcast GSI Gov,,
VERIFIED,9/2/2020,Ed Lapasota,In-House,2678,Speedcast GSI Gov,,
MISSING,MISSING,Ed Lapasota,BHF TEST RACK,2679,Speedcast GSI Gov,,
VERIFIED,9/2/2020,Ed Lapasota,In-House,2680,Speedcast GSI Gov,,
VERIFIED,9/2/2020,Ed Lapasota,In-House,2681,Speedcast GSI Gov,,
VERIFIED,9/2/2020,Ed Lapasota,Returned from BHF,2682,Speedcast GSI Gov,,
VERIFIED,9/2/2020,Ed Lapasota,In-House | BHF TEST RACK,2683,Speedcast GSI Gov,,
VERIFIED,9/2/2020,Ed Lapasota,In-House | BHF TEST RACK,2684,Speedcast GSI Gov,,
VERIFIED,9/2/2020,Ed Lapasota,In-House ,2685,Speedcast GSI Gov,,
VERIFIED,9/2/2020,Ed Lapasota,In-House ,2686,Speedcast GSI Gov,,
RETURNED,9/2/2020,Ed Lapasota,Returned from BHF | BHF TEST RACK,2687,Speedcast GSI Gov,,
VERIFIED,9/2/2020,Ed Lapasota,In-House | BHF TEST RACK,2688,Speedcast GSI Gov,,
SHIPPED,9/3/2020,Ed Lapasota,Shipping to QXU - TBD |,2689,QXU,,
SHIPPED,1/17/2020,Ed Lapasota,Shipped to QZA 01.17.20,2690,Speedcast GSI Gov,,
VERIFIED,4/17/2020,Ed Lapasota,In-House ,2691,Speedcast GSI Gov,,
SHIPPED,5/15/2020,Ed Lapasota,Shipped to RSW 04.17.20,2692,Speedcast GSI Gov,,
RETURNED,5/15/2020,Ed Lapasota,Returned from L3 05.15.20 |,2693,Speedcast GSI Gov,,
RETURNED,5/15/2020,Ed Lapasota,Returned from L3 05.15.20 | BHF Test Rack |,2694,Speedcast GSI Gov,,
SHIPPED,5/21/2020,Ed Lapasota,Ship to QJA 5/21/20,2695,QJA,,
VERIFIED,5/21/2020,Ed Lapasota,SCG TEST RACK 05.21.20 | Staged for NQX ,2696,Speedcast GSI Gov,,
SHIPPED,5/29/2020,Ed Lapasota,Shipped to QJA 5.29.20 |,2697,QJA,,
FAILED,6/2/2020,Ed Lapasota,"Failed during Testing, Not passing Data - RMA 06.02.20 |",2698,Speedcast GSI Gov,,
VERIFIED,9/2/2020,Ed Lapasota,In-House ,2699,Speedcast GSI Gov,,
VERIFIED,9/2/2020,Ed Lapasota,In-House ,2700,Speedcast GSI Gov,,
VERIFIED,9/2/2020,Ed Lapasota,In-House ,2701,Speedcast GSI Gov,,
VERIFIED,9/2/2020,Ed Lapasota,In-House ,2702,Speedcast GSI Gov,,
VERIFIED,9/2/2020,Ed Lapasota,In-House ,2703,Speedcast GSI Gov,,
RETURNED,6/15/2020,Ed Lapasota,Returned from QJA 06.15.20 | BHF TEST RACK,2704,Speedcast GSI Gov,,
RETURNED,6/15/2020,Ed Lapasota,Returned from John Kayanek 06.15.20 ,2705,Speedcast GSI Gov,,
RETURNED,6/15/2020,Ed Lapasota,Returned from John Kayanek 06.15.20 ,2706,Speedcast GSI Gov,,
RETURNED,6/30/2020,Ed Lapasota,Return from Harris Mobile Gateway (LOADED) 063020,2707,Speedcast GSI Gov,,
RETURNED,6/30/2020,Ed Lapasota,Return from Harris Mobile Gateway (LOADED) 063020,2708,Speedcast GSI Gov,,
RETURNED,6/30/2020,Ed Lapasota,Return from Harris Mobile Gateway (LOADED) 063020,2709,Speedcast GSI Gov,,
RETURNED,6/30/2020,Ed Lapasota,Return from Harris Mobile Gateway (LOADED) 063020,2710,Speedcast GSI Gov,,
RETURNED,6/30/2020,Ed Lapasota,Return from Harris Mobile Gateway (LOADED) 063020,2711,Speedcast GSI Gov,,
RETURNED,6/30/2020,Ed Lapasota,Return from Harris Mobile Gateway (LOADED) 063020,2712,Speedcast GSI Gov,,
RETURNED,6/30/2020,Ed Lapasota,Return from Harris Mobile Gateway (LOADED) 063020,2713,Speedcast GSI Gov,,
RETURNED,6/30/2020,Ed Lapasota,Return from Harris Mobile Gateway (LOADED) 063020,2714,Speedcast GSI Gov,,
RETURNED,6/30/2020,Ed Lapasota,Return from Harris Mobile Gateway (LOADED) 063020,2715,Speedcast GSI Gov,,
RETURNED,6/30/2020,Ed Lapasota,Return from Harris Mobile Gateway (LOADED) 063020,2716,Speedcast GSI Gov,,
RETURNED,6/30/2020,Ed Lapasota,Return from Harris Mobile Gateway (LOADED) 063020,2717,Speedcast GSI Gov,,
RETURNED,6/30/2020,Ed Lapasota,Return from Harris Mobile Gateway (LOADED) 063020,2718,Speedcast GSI Gov,,
RETURNED,6/30/2020,Ed Lapasota,Return from Harris Mobile Gateway (LOADED) 063020,2719,Speedcast GSI Gov,,
RETURNED,6/30/2020,Ed Lapasota,Return from Harris Mobile Gateway (LOADED) 063020,2720,Speedcast GSI Gov,,
RETURNED,6/30/2020,Ed Lapasota,Return from Harris Mobile Gateway (LOADED) 063020,2721,Speedcast GSI Gov,,
RETURNED,6/30/2020,Ed Lapasota,Return from Harris Mobile Gateway (LOADED) 063020,2722,Speedcast GSI Gov,,
RETURNED,6/30/2020,Ed Lapasota,Return from Harris Mobile Gateway (LOADED) 063020,2723,Speedcast GSI Gov,,
RETURNED,6/30/2020,Ed Lapasota,Return from Harris Mobile Gateway (LOADED) 063020,2724,Speedcast GSI Gov,,
RETURNED,6/30/2020,Ed Lapasota,Return from Harris Mobile Gateway (LOADED) 063020,2725,Speedcast GSI Gov,,
RETURNED,6/30/2020,Ed Lapasota,Return from Harris Mobile Gateway (LOADED) 063020,2726,Speedcast GSI Gov,,
RETURNED,6/30/2020,Ed Lapasota,Return from Harris Mobile Gateway (LOADED) 063020,2727,Speedcast GSI Gov,,
RETURNED,6/30/2020,Ed Lapasota,Return from Harris Mobile Gateway (LOADED) 063020,2728,Speedcast GSI Gov,,
RETURNED,6/30/2020,Ed Lapasota,Return from Harris Mobile Gateway (LOADED) 063020,2729,Speedcast GSI Gov,,
RETURNED,6/30/2020,Ed Lapasota,Return from Harris Mobile Gateway (LOADED) 063020,2730,Speedcast GSI Gov,,
VERIFIED,9/2/2020,Ed Lapasota,,2731,Speedcast GSI Gov,,
VERIFIED,6/21/2020,Ed Lapasota,Converted to V4.22  6/21/19  (Qty 3) ,2732,,,
VERIFIED,9/2/2020,Ed Lapasota,,2733,Speedcast GSI Gov,,
VERIFIED,9/2/2020,Ed Lapasota,Pre-testing in FAA-TB Rack EQ #3,2734,Speedcast GSI Gov,,
VERIFIED,9/2/2020,Ed Lapasota,Pre-testing in FAA-TB Rack EQ #3,2734,Speedcast GSI Gov,,
VERIFIED,1/3/2020,Ed Lapasota,Converted to RS422 1/3/20  (Qty 1) from -004 ,2735,Speedcast GSI Gov,,
SHIPPED,5/6/2020,Ed Lapasota,Shipped to QEA,2736,QEA,,
SHIPPED,1/29/2020,Ed Lapasota,Shipped to QUZ 01.29.20,2737,Speedcast GSI Gov,,
SHIPPED,3/11/2020,Ed Lapasota,Shipped to QUZ 03.11.20,2738,Speedcast GSI Gov,,
SHIPPED,3/11/2020,Ed Lapasota,Shipped to QUZ 03.11.20,2739,Speedcast GSI Gov,,
SHIPPED,1/29/2020,Ed Lapasota,Shipped to QUZ 01.29.20,2740,Speedcast GSI Gov,,
SHIPPED,1/29/2020,Ed Lapasota,Shipped to QUZ 01.29.20,2741,Speedcast GSI Gov,,
SHIPPED,3/31/2020,Ed Lapasota,Converted to V.4.22 from -004 - BENCH TESTING |Shipped to GDT 03.31.20,2742,GDC,,
SHIPPED,9/2/2020,Ed Lapasota,Shipping to QNA,2743,Speedcast GSI Gov,,
SHIPPED,9/2/2020,Ed Lapasota,Shipping to QNA,2744,Speedcast GSI Gov,,
TESTING,1/2/2020,Ed Lapasota,In test for QZA | Converted to RS422 1/2/20  (Qty 1),2745,Speedcast GSI Gov,,
SHIPPED,9/2/2020,Ed Lapasota," Verified RETURN 05.15.20 - RTV# 13345 - In-House |Boxed, Shipping to NAW|",2746,Speedcast GSI Gov,,
TESTING,9/2/2020,Ed Lapasota,In test for QUZ,2747,Speedcast GSI Gov,,
SHIPPED,1/23/2020,Ed Lapasota,Shipped to QOM 04.17.20 ,2747,Speedcast GSI Gov,,
SHIPPED,3/6/2020,Ed Lapasota,Shipped to QEA 03.06.20,2748,QEA,,
SHIPPED,3/6/2020,Ed Lapasota,Shipped to QEA 03.06.20,2749,QEA,,
MISSING,9/2/2020,Ed Lapasota,VERIFY IN LOCATION - NOT IN WHSE,2750,Unknown,,
SHIPPED,5/29/2020,Ed Lapasota,Shipped to QJA 5.29.20 | 06.15.20 returned from QJA ,2751,QJA,,
MISSING,9/2/2020,Ed Lapasota,VERIFY IN LOCATION - NOT IN WHSE,2752,Unknown,,
VERIFIED,9/2/2020,Ed Lapasota,RTV 13314,2752,Speedcast GSI Gov,,13314
RETURNED,6/8/2020,Ed Lapasota,Converted to Rs422 - Card Failed during Test - ED Lap - Received in 06.08.20 (RMA - TBD),2753,GDC,,
RETURNED,9/2/2020,Ed Lapasota,returned from GDC on 9.2.20,2754,Speedcast GSI Gov,,
RETURNED,3/6/2020,Ed Lapasota,"Returned from BHF, Shipped to QEA 03.06.20",2755,Speedcast GSI Gov,,
RETURNED,9/2/2020,Ed Lapasota,Returned from BHF,2756,Speedcast GSI Gov,,
SHIPPED,9/2/2020,Ed Lapasota,Shipping to QXU - TBD,2757,QXU,,
SHIPPED,9/2/2020,Ed Lapasota,Shipping to QXU - TBD,2757,QXU,,
SHIPPED,1/17/2020,Ed Lapasota,Shipped to QJA 01.17.20,2758,QJA,,
SHIPPED,3/11/2020,Ed Lapasota, Shipped to QUZ 03.11.20,2758,QJA,,
SHIPPED,3/27/2020,Ed Lapasota,Shipped to GGW ,2759,GGW,,
RETURNED,9/2/2020,Ed Lapasota, Returned from GGW,2760,Speedcast GSI Gov,,
MISSING,MISSING,Ed Lapasota,VERIFY IN LOCATION - NOT IN WHSE,2761,Unknown,,
SHIPPED,4/17/2020,Ed Lapasota,Shipped to RSW 04.17.20,2762,RSW,,
SHIPPED,4/17/2020,Ed Lapasota,Shipped to RSW 04.17.20,2762,RSW,,
SHIPPED,4/17/2020,Ed Lapasota,Shipped to QOM ,2763,QOM,,
SHIPPED,6/4/2020,Ed Lapasota,Shipped to QOM 06.04.20,2763,QOM,,
SHIPPED,5/21/2020,Ed Lapasota,Shipped to QJA ,2764,QJA,,
RETURNED,6/15/2020,Ed Lapasota,Returned from Bill O'Hare ,2764,QJA,,
VERIFIED,6/1/2020,Ed Lapasota,Assigned to CPV 06.01.20,2764,Speedcast GSI Gov,,
FAILED,6/2/2020,Ed Lapasota,"Failed during Testing, Data not passing through",2765,Speedcast GSI Gov,,
RETURNED,9/2/2020,Ed Lapasota,Returned from GDC on 9.2.20,2766,Speedcast GSI Gov,,
CONVERTED,9/2/2020,Ed Lapasota,Converted to Rs422 - Shipping to CPV - TBD |,2767,CPV,,
CONVERTED,9/2/2020,Ed Lapasota,Converted to Rs422 - Shipping to NQX - TBD ||,2768,NQX,,
CONVERTED,9/2/2020,Ed Lapasota,Converted to Rs422 - Assigned to CPV | BHF TEST RACK |,2769,Speedcast GSI Gov,,
CONVERTED,9/2/2020,Ed Lapasota,Converted to Rs422 |,2770,Speedcast GSI Gov,,
CONVERTED,9/2/2020,Ed Lapasota,"Converted to Rs422 - Boxed, Shipping to CPV|",2771,CPV,,
CONVERTED,9/2/2020,Ed Lapasota,Converted to Rs422 - Shipping to QXU - TBD |,2772,QXU,,
CONVERTED,9/2/2020,Ed Lapasota,"Converted to Rs422 - Assigned to CPV | Failed during Testing, Data Not passing through - 06.02.20 - RMA ship TBD|Returned from GDC on 9.2.20",2773,CPV,,
RETURNED,6/15/2020,Ed Lapasota,Returned from John Kayanek 06.15.20 | Shipping to FK7 - TBD |,2774,FK7,,
SHIPPED,9/2/2020,Ed Lapasota,Shipping to NAW - TBD |,2775,NAW,,
RETURNED,6/30/2020,Ed Lapasota,Return from Harris Mobile Gateway (LOADED) 063020,2776,Speedcast GSI Gov,,
RETURNED,6/30/2020,Ed Lapasota,Return from Harris Mobile Gateway (LOADED) 063020 | Shipping to GDT - TBD,2777,Speedcast GSI Gov,,
RETURNED,6/30/2020,Ed Lapasota,Return from Harris Mobile Gateway (LOADED) 063020 | Shipping to FK7 |,2778,Speedcast GSI Gov,,
RETURNED,6/30/2020,Ed Lapasota,Return from Harris Mobile Gateway (LOADED) 063020 | Test Rack,2779,Speedcast GSI Gov,,
RETURNED,6/30/2020,Ed Lapasota,Return from Harris Mobile Gateway (LOADED) 063020 |Shipping to GDT- TBD,2780,Speedcast GSI Gov,,
VERIFIED,9/2/2020,Ed Lapasota,BHF TEST RACK,2781,Speedcast GSI Gov,,
VERIFIED,9/2/2020,Ed Lapasota,BHF TEST RACK,2782,Speedcast GSI Gov,,
MISSING,9/2/2020,Ed Lapasota,VERIFY IN LOCATION - NOT IN WHSE,2783,Unknown,,
TESTING,9/2/2020,Ed Lapasota,Pre-testing in FAA-TB Rack EQ #3,2784,Speedcast GSI Gov,,
MISSING,9/2/2020,Ed Lapasota,VERIFY IN LOCATION - NOT IN WHSE,2785,Unknown,,
SHIPPED,3/6/2020,Ed Lapasota,Shipped to QEA 03.06.20,2786,QEA,,
RETURNED,1/6/2020,Ed Lapasota,Return from M. Feustel 1/6/20 - Add to Inventory | Shipping to QXU - TBD,2786,Speedcast GSI Gov,,
SHIPPED,5/21/2020,Ed Lapasota,Ship to QJA 5/21/20 | Shipped back from Bill O'Hare 06.15.20 ,2787,Speedcast GSI Gov,,
SHIPPED,5/21/2020,Ed Lapasota,Ship to QJA 5/21/20 | Shipped back from Bill O'Hare 06.15.20 ,2788,Speedcast GSI Gov,,
RETURNED,9/2/2020,Ed Lapasota,Return from ZSU to be tested VERIFY LOCATION,2789,Speedcast GSI Gov,,
TESTING,9/2/2020,Ed Lapasota,Cart - To be tested,2790,Speedcast GSI Gov,,
SHIPPED,3/31/2020,Ed Lapasota,Shipped to GDT 03.31.20,2790,GDC,,
RETURNED,5/21/2020,Ed Lapasota,Returned from QXR | SCG Test Rack ,2790,Speedcast GSI Gov,,
SHIPPED,5/29/2020,Ed Lapasota,shipped to QJA 5.29.20,2791,QJA,,
RETURNED,6/15/2020,Ed Lapasota,returned from QJA ,2792,Speedcast GSI Gov,,
VERIFIED,9/2/2020,Ed Lapasota,In-House,2793,Speedcast GSI Gov,,
VERIFIED,9/2/2020,Ed Lapasota,In-House,2794,Speedcast GSI Gov,,
RETURNED,1/6/2020,Ed Lapasota,Return from M. Feuste  BENCH TESTING WHSE | Staged for NQX - Shipping TBD |,2795,Speedcast GSI Gov,,
RETURNED,9/2/2020,Ed Lapasota,Return from ZIN to be tested,2796,Speedcast GSI Gov,,
RETURNED,9/2/2020,Ed Lapasota,Return from QQO ,2797,Speedcast GSI Gov,,
RETURNED,9/2/2020,Ed Lapasota,,2798,Speedcast GSI Gov,,
SHIPPED,9/2/2020,Ed Lapasota,Shipped to Harris - Emergency Deployment 09.02.20,2799, Harris Mobile Gateway,,
SHIPPED,9/2/2020,Ed Lapasota,Boxed - Shipping to QXU - TBD,2800,QXU,,
SHIPPED,1/29/1930,Ed Lapasota,Shipped to QUZ 01.29.20,2801,QUZ,,
RETURNED,9/2/2020,Ed Lapasota,Returned from QZA | Shipping to Naw - TBD|,2802,QZA,,
SHIPPED,9/2/2020,Ed Lapasota,SHIPPNG TO QUZ,2803,QUZ,,
MISSING,9/2/2020,Ed Lapasota,VERIFY IN LOCATION - NOT IN WHSE,2804,Unknown,,
MISSING,9/2/2020,Ed Lapasota,VERIFY IN LOCATION - NOT IN WHSE,2805,Unknown,,
MISSING,9/2/2020,Ed Lapasota,VERIFY IN LOCATION - NOT IN WHSE,2806,Unknown,,
SHIPPED,3/11/2020,Ed Lapasota,Shipped to QUZ 03.11.20,2806,QUZ,,
RETURNED,1/24/2020,Ed Lapasota,Return from M. Feustel QXR 1/24/20 | Received in 06.08.20,2807,Speedcast GSI Gov,,
RETURNED,1/24/2020,Ed Lapasota,Return from M. Feustel QXR 1/24/20 | Received in 06.08.20,2808,Speedcast GSI Gov,,
SHIPPED,9/2/2020,Ed Lapasota,Boxed - Shipping to CPV - TBD |,2808,CPV,,
RETURNED,3/27/2020,Ed Lapasota,Shipped to GGW ,2809,GGW,,
SHIPPED,9/2/2020,Ed Lapasota,Returned from GGW ,2810,Speedcast GSI Gov,,
SHIPPED,9/2/2020,Ed Lapasota,Return from M. Feustel 1/6/20 - Add to Inventory | Shipping to FK7-Exuma - TBD |,2811,Speedcast GSI Gov,,
SHIPPED,1/17/2020,Ed Lapasota,"Shipped to QJA 01.17.20, Shipped to QEA 03.06.20",2812,Speedcast GSI Gov,,
SHIPPED,9/2/2020,Ed Lapasota,SHPPING TO NAW - TBD |,2813,Speedcast GSI Gov,,
SHIPPED,9/2/2020,Ed Lapasota,Staged for NQX - Shipping TBD,2814,Unknown,,
MISSING,9/2/2020,Ed Lapasota,VERIFY IN LOCATION - NOT IN WHSE,2815,Unknown,,
SHIPPED,4/17/2020,Ed Lapasota,Shipped to RSW 04.17.20,2816,RSW,,
SHIPPED,4/17/2020,Ed Lapasota,Shipped to QOM 04.17.20 ,2817,QOM,,
VERIFIED,6/1/2020,Ed Lapasota,Verified In House 06.01.20 | Shipping to CPV -TBD |,2818,Speedcast GSI Gov,,
VERIFIED,6/1/2020,Ed Lapasota,Returned from GDC 06.01.20 | Shipped to FK7 (Exuma) |,2819,FK7,,
RETURNED,6/15/2020,Ed Lapasota,Returned from John Kayanek 06.15.20 ,2820,Speedcast GSI Gov,,
RETURNED,7/9/2020,Ed Lapasota,Returned from QJA - John Kayanek - 7/9/20,2821,Speedcast GSI Gov,,
RETURNED,6/30/2020,Ed Lapasota,Return from Harris Mobile Gateway (LOADED) 063020,2822,Speedcast GSI Gov,,
RETURNED,6/30/2020,Ed Lapasota,Return from Harris Mobile Gateway (LOADED) 063020 | BHF TEST RACK,2823,Speedcast GSI Gov,,
RETURNED,6/30/2020,Ed Lapasota,Return from Harris Mobile Gateway (LOADED) 063020 | Shipping to GDT - TBD |,2824,Speedcast GSI Gov,,
RETURNED,6/30/2020,Ed Lapasota,Return from Harris Mobile Gateway (LOADED) 063020 |Shipping to GDT - TBD |,2825,Speedcast GSI Gov,,
RETURNED,9/2/2020,Ed Lapasota,BHF TEST RACK,2826,Speedcast GSI Gov,,
VERIFIED,9/2/2020,Ed Lapasota,,2827,Speedcast GSI Gov,,
VERIFIED,9/2/2020,Ed Lapasota,,2828,Speedcast GSI Gov,,
VERIFIED,9/2/2020,Ed Lapasota,,2829,Speedcast GSI Gov,,
VERIFIED,9/2/2020,Ed Lapasota,,2830,Speedcast GSI Gov,,
VERIFIED,9/2/2020,Ed Lapasota,,2831,Speedcast GSI Gov,,
VERIFIED,9/2/2020,Ed Lapasota,,2832,Speedcast GSI Gov,,
VERIFIED,9/2/2020,Ed Lapasota,,2833,Speedcast GSI Gov,,
VERIFIED,9/2/2020,Ed Lapasota,,2834,Speedcast GSI Gov,,
VERIFIED,9/2/2020,Ed Lapasota,,2835,Speedcast GSI Gov,,
VERIFIED,9/2/2020,Ed Lapasota,,2836,Speedcast GSI Gov,,
VERIFIED,9/2/2020,Ed Lapasota,,2837,Speedcast GSI Gov,,
VERIFIED,9/2/2020,Ed Lapasota,,2838,Speedcast GSI Gov,,
VERIFIED,9/2/2020,Ed Lapasota,,2839,Speedcast GSI Gov,,
VERIFIED,9/2/2020,Ed Lapasota,,2840,Speedcast GSI Gov,,
VERIFIED,9/2/2020,Ed Lapasota,,2841,Speedcast GSI Gov,,
SHIPPED,9/2/2020,Ed Lapasota,"shipped to Harris, Melbourne - AMLB 8/1/20 |",2842, Harris Mobile Gateway,,
TESTING,9/2/2020,Ed Lapasota,BENCH TESTING - ***Check inventory***,2843,Unknown,,
MISSING,9/2/2020,Ed Lapasota,VERIFY IN LOCATION - NOT IN WHSE,2844,Unknown,,
MISSING,9/2/2020,Ed Lapasota,VERIFY IN LOCATION - NOT IN WHSE,2845,Unknown,,
MISSING,9/2/2020,Ed Lapasota,VERIFY IN LOCATION - NOT IN WHSE,2846,Unknown,,
MISSING,9/2/2020,Ed Lapasota,VERIFY IN LOCATION - NOT IN WHSE,2847,Unknown,,
MISSING,9/2/2020,Ed Lapasota,VERIFY IN LOCATION - NOT IN WHSE,2848,Unknown,,
VERIFIED,9/2/2020,Ed Lapasota,Test Rack |,2848,Speedcast GSI Gov,,
SHIPPED,4/17/2020,Ed Lapasota,Shipped to QOM 04.17.20  | Shipped to QOM 06.04.20,2849,QOM,,
SHIPPED,4/17/2020,Ed Lapasota,Shipped to QOM 04.17.20  | Shipped to QOM 06.04.20,2850,QOM,,
SHIPPED,3/11/2020,Ed Lapasota,Shipped to QUZ 03.11.20,2851,QUZ,,
MISSING,9/2/2020,Ed Lapasota,VERIFY IN LOCATION - NOT IN WHSE,2852,Unknown,,
MISSING,9/2/2020,Ed Lapasota,VERIFY IN LOCATION - NOT IN WHSE,2853,Unknown,,
MISSING,9/2/2020,Ed Lapasota,VERIFY IN LOCATION - NOT IN WHSE,2854,Unknown,,
MISSING,9/2/2020,Ed Lapasota,VERIFY IN LOCATION - NOT IN WHSE,2855,Unknown,,
MISSING,9/2/2020,Ed Lapasota,VERIFY IN LOCATION - NOT IN WHSE,2856,Unknown,,
SHIPPED,1/29/2020,Ed Lapasota,Shipped to QUZ 01.29.20,2857,QUZ,,
MISSING,9/2/2020,Ed Lapasota,VERIFY IN LOCATION - NOT IN WHSE,2858,Unknown,,
RETURNED,1/23/2020,Ed Lapasota,Returned from GDC RTV-6682 1/23/20,2859,Speedcast GSI Gov,,
RETURNED,9/2/2020,Ed Lapasota,Return from QQO - NOT IN WHSE,2859,Unknown,,
SHIPPED,3/27/2020,Ed Lapasota,Shipped to GGW ,2860,GGW,,
RETURNED,9/2/2020,Ed Lapasota,Returned from GGW ,2861,Speedcast GSI Gov,,
VERIFIED,9/2/2020,Ed Lapasota,RTV 1331 | IN-House |,2862,Speedcast GSI Gov,,1331
VERIFIED,9/2/2020,Ed Lapasota,RTV 1331 - NOT IN WHSE,2863,Unknown,,1331
RETURNED,9/2/2020,Ed Lapasota,Return from ZSU to be tested - NOT IN WHSE,2864,Unknown,,
RETURNED,9/2/2020,Ed Lapasota,Return from ZSU to be tested,2864,Speedcast GSI Gov,,
RETURNED,1/6/2020,Ed Lapasota,Return from M. Feustel 1/6/20 - Shipped QZA 01.017.20,2865,QZA,,
RETURNED,1/6/2020,Ed Lapasota,Return from M. Feustel 1/6/20 - Shipped QZA 01.017.20,2866,QZA,,
MISSING,9/2/2020,Ed Lapasota,VERIFY LOCATION - NOT IN WHSE,2867,Unknown,,
RETURNED,1/6/2020,Ed Lapasota,Return from M. Feustel 1/6/20 | In House 06.01.20 |,2868,Speedcast GSI Gov,,
RETURNED,1/24/2020,Ed Lapasota,Return from M. Feustel QXR 1/24/20- Add to Inventory,2869,Speedcast GSI Gov,,
VERIFIED,9/2/2020,Ed Lapasota,,2870,Speedcast GSI Gov,,
FAILED,9/2/2020,Ed Lapasota,RTV - causes Pattern and Clock Loss 082420 | ,2871,Speedcast GSI Gov,,
VERIFIED,9/2/2020,Ed Lapasota,,2872,Speedcast GSI Gov,,
FAILED,9/2/2020,Ed Lapasota,In test for QZA-UNIT FAILED ON-SITE RTV | Returned from Vendor RTV# 13344,2873,Speedcast GSI Gov,,13344
VERIFIED,9/2/2020,Ed Lapasota,,2874,Speedcast GSI Gov,,
VERIFIED,9/2/2020,Ed Lapasota,,2875,Speedcast GSI Gov,,
VERIFIED,9/2/2020,Ed Lapasota,BHF Test Rack |,2876,Speedcast GSI Gov,,
SHIPPED,1/17/2020,Ed Lapasota,Shipped to QJA 01.17.20,2877,QJA,,
SHIPPED,1/17/2020,Ed Lapasota,Shipped to GDT 03.31.20,2878,GDT,,
TESTING,9/2/2020,Ed Lapasota,IN TEST QUZ RACK,2879,Speedcast GSI Gov,,
TESTING,9/2/2020,Ed Lapasota,BENCH TESTING - ***Check inventory***,2880,Unknown,,
SHIPPED,4/17/210,Ed Lapasota,Shipped to RSW 04.17.20,2881,RSW,,
MISSING,9/2/2020,Ed Lapasota,VERIFY LOCATION ,2881,Unknown,,
SHIPPED,5/21/2020,Ed Lapasota,Ship to QJA,2882,QJA,,
RETURNED,6/15/2020,Ed Lapasota,Returned from Bill O'Hare 06.15.20 |,2882,Speedcast GSI Gov,,
VERIFIED,5/21/2020,Ed Lapasota,SCG TEST RACK 05.21.20,2882,Speedcast GSI Gov,,
SHIPPED,5/29/2020,Ed Lapasota,Shipped to QJA 5.29.20 ,2883,QJA,,
RETURNED,6/15/2020,Ed Lapasota,Returned from QJA 06.15.20 | BHF TEST RACK | ,2884,Speedcast GSI Gov,,
RETURNED,7/9/2020,Ed Lapasota,Returned from QJA - John Kayanek - 7/9/20,2885,Speedcast GSI Gov,,
RETURNED,6/15/2020,Ed Lapasota,Returned from John Kayanek 06.15.20 ,2886,Speedcast GSI Gov,,
SHIPPED,9/2/2020,Ed Lapasota,Shipping to QXU - TBD,2887,QXU,,
RETURNED,6/30/2020,Ed Lapasota,Return from Harris Mobile Gateway (LOADED) 063020,2888, Harris Mobile Gateway,,
RETURNED,6/30/2020,Ed Lapasota,Return from Harris Mobile Gateway (LOADED) 063020,2889, Harris Mobile Gateway,,
RETURNED,6/30/2020,Ed Lapasota,Return from Harris Mobile Gateway (LOADED) 063020,2890, Harris Mobile Gateway,,
RETURNED,6/30/2020,Ed Lapasota,Return from Harris Mobile Gateway (LOADED) 063020,2891, Harris Mobile Gateway,,
VERIFIED,9/2/2020,Ed Lapasota,,2892,Speedcast GSI Gov,,
VERIFIED,9/2/2020,Ed Lapasota,,2893,Speedcast GSI Gov,,
VERIFIED,9/2/2020,Ed Lapasota,,2894,Speedcast GSI Gov,,
VERIFIED,9/2/2020,Ed Lapasota,,2895,Speedcast GSI Gov,,
VERIFIED,9/2/2020,Ed Lapasota,,2896,Speedcast GSI Gov,,
TESTING,9/2/2020,Ed Lapasota,Pre-testing in FAA-TB Rack EQ #3,2897,Speedcast GSI Gov,,
VERIFIED,9/2/2020,Ed Lapasota,,2898,Speedcast GSI Gov,,
VERIFIED,9/2/2020,Ed Lapasota,,2899,Speedcast GSI Gov,,
VERIFIED,9/2/2020,Ed Lapasota,,2900,Speedcast GSI Gov,,
VERIFIED,9/2/2020,Ed Lapasota,,2901,Speedcast GSI Gov,,
VERIFIED,9/2/2020,Ed Lapasota,,2902,Speedcast GSI Gov,,
VERIFIED,9/2/2020,Ed Lapasota,,2903,Speedcast GSI Gov,,
VERIFIED,9/2/2020,Ed Lapasota,,2904,Speedcast GSI Gov,,
VERIFIED,9/2/2020,Ed Lapasota,,2905,Speedcast GSI Gov,,
VERIFIED,9/2/2020,Ed Lapasota,,2906,Speedcast GSI Gov,,
RETURNED,9/2/2020,Ed Lapasota,Return from QQO |,2907,Speedcast GSI Gov,,
SHIPPED,4/17/2020,Ed Lapasota,Shipped to RSW 04.17.20,2907,RSW,,
SHIPPED,5/21/2020,Ed Lapasota,Ship to QJA 5/21/20 ,2908,QJA,,
SHIPPED,6/15/2020,Ed Lapasota,Returned from Bill O'Hare,2909,Speedcast GSI Gov,,
VERIFIED,9/2/2020,Ed Lapasota,,2910,Speedcast GSI Gov,,
RETURNED,6/15/2020,Ed Lapasota,06.15.20 Returned from John Kayanek | ,2911,Speedcast GSI Gov,,
VERIFIED,9/2/2020,Ed Lapasota,,2912,Speedcast GSI Gov,,
VERIFIED,9/2/2020,Ed Lapasota,SPARE,2913,Speedcast GSI Gov,,
VERIFIED,9/2/2020,Ed Lapasota,SPARE,2914,Speedcast GSI Gov,,
VERIFIED,9/2/2020,Ed Lapasota,SPARE,2915,Speedcast GSI Gov,,
VERIFIED,9/2/2020,Ed Lapasota,SPARE,2916,Speedcast GSI Gov,,
VERIFIED,9/2/2020,Ed Lapasota,SPARE,2917,Speedcast GSI Gov,,
VERIFIED,9/2/2020,Ed Lapasota,SPARE,2918,Speedcast GSI Gov,,
VERIFIED,9/2/2020,Ed Lapasota,SPARE,2919,Speedcast GSI Gov,,
VERIFIED,9/2/2020,Ed Lapasota,SPARE,2920,Speedcast GSI Gov,,
VERIFIED,9/2/2020,Ed Lapasota,SPARE,2921,Speedcast GSI Gov,,
VERIFIED,9/2/2020,Ed Lapasota,SPARE,2922,Speedcast GSI Gov,,
VERIFIED,9/2/2020,Ed Lapasota,INVENTORY,2923,Speedcast GSI Gov,,
VERIFIED,9/2/2020,Ed Lapasota,INVENTORY | Shipping to NQX - TBD |,2924,Speedcast GSI Gov,,
SHIPPED,3/11/2020,Ed Lapasota,Shipped to QUZ 03.11.20,2925,QUZ,,
VERIFIED,6/8/2020,Ed Lapasota,Received in 06.08.20,2926,Speedcast GSI Gov,,
VERIFIED,9/2/2020,Ed Lapasota,INVENTORY,2927,Speedcast GSI Gov,,
SHIPPED,9/2/2020,Ed Lapasota,INVENTORY | Shipping to CPV - TBD |,2928,Speedcast GSI Gov,,
SHIPPED,9/2/2020,Ed Lapasota,INVENTORY | Shipping to CPV - TBD |,2929,Speedcast GSI Gov,,
VERIFIED,9/2/2020,Ed Lapasota,INVENTORY,2930,Speedcast GSI Gov,,
RETURNED,1/6/2020,Ed Lapasota,Return from M. Feustel 1/6/20 - Add to Inventory | Shipping to QXU - TBD |,2931,Speedcast GSI Gov,,
SHIPPED,9/2/2020,Ed Lapasota,Shipping to QXU - TBD |,2932,Speedcast GSI Gov,,
VERIFIED,9/2/2020,Ed Lapasota,INVENTORY,2933,Speedcast GSI Gov,,
MISSING,9/2/2020,Ed Lapasota,VERFY LOCATON - NOT IN WHSE,2934,Unknown,,
MISSING,9/2/2020,Ed Lapasota,VERFY LOCATON - NOT IN WHSE,2935,Unknown,,
MISSING,9/2/2020,Ed Lapasota,VERFY LOCATON - NOT IN WHSE,2936,Unknown,,
MISSING,9/2/2020,Ed Lapasota,VERFY LOCATON - NOT IN WHSE,2937,Unknown,,
MISSING,9/2/2020,Ed Lapasota,VERFY LOCATON - NOT IN WHSE,2938,Unknown,,
MISSING,9/2/2020,Ed Lapasota,VERFY LOCATON - NOT IN WHSE,2939,Unknown,,
MISSING,9/2/2020,Ed Lapasota,VERFY LOCATON - NOT IN WHSE,2940,Unknown,,
MISSING,9/2/2020,Ed Lapasota,VERFY LOCATON - NOT IN WHSE,2941,Unknown,,
SHIPPED,9/2/2020,Ed Lapasota,TO BE SHIPPED TO QUZ,2941,QUZ,,
SHIPPED,4/17/2020,Ed Lapasota,Shipped to QOM 04.17.20 | Shipped to QOM 06.04.20,2942,Speedcast GSI Gov,,
SHIPPED,4/17/2020,Ed Lapasota,Shipped to QOM 04.17.20 | Shipped to QOM 06.04.20,2943,Speedcast GSI Gov,,
SHIPPED,9/2/2020,Ed Lapasota,Shipping to NQX - TBD |,2944,Speedcast GSI Gov,,
VERIFIED,9/2/2020,Ed Lapasota,,2945,Speedcast GSI Gov,,
VERIFIED,9/2/2020,Ed Lapasota,,2946,Speedcast GSI Gov,,
VERIFIED,9/2/2020,Ed Lapasota,,2947,Speedcast GSI Gov,,
VERIFIED,9/2/2020,Ed Lapasota,,2948,Speedcast GSI Gov,,
VERIFIED,9/2/2020,Ed Lapasota,,2949,Speedcast GSI Gov,,
VERIFIED,9/2/2020,Ed Lapasota,,2950,Speedcast GSI Gov,,
VERIFIED,9/2/2020,Ed Lapasota,,2951,Speedcast GSI Gov,,
VERIFIED,9/2/2020,Ed Lapasota,,2952,Speedcast GSI Gov,,
VERIFIED,9/2/2020,Ed Lapasota,,2953,Speedcast GSI Gov,,
VERIFIED,9/2/2020,Ed Lapasota,,2954,Speedcast GSI Gov,,
VERIFIED,9/2/2020,Ed Lapasota,,2955,Speedcast GSI Gov,,
VERIFIED,9/2/2020,Ed Lapasota,,2956,Speedcast GSI Gov,,
VERIFIED,9/2/2020,Ed Lapasota,,2957,Speedcast GSI Gov,,
VERIFIED,9/2/2020,Ed Lapasota,,2958,Speedcast GSI Gov,,
VERIFIED,9/2/2020,Ed Lapasota,,2959,Speedcast GSI Gov,,
VERIFIED,9/2/2020,Ed Lapasota,,2960,Speedcast GSI Gov,,
TESTING,9/2/2020,Ed Lapasota,(To be Located)Pre-testing in FAA-TB Rack EQ #3 - VERIFY S/N,2961,Speedcast GSI Gov,,
MISSING,9/2/2020,Ed Lapasota,To be Located,2962,Unknown,,
MISSING,9/2/2020,Ed Lapasota,To be Located,2963,Unknown,,
MISSING,9/2/2020,Ed Lapasota,To be Located,2964,Unknown,,
MISSING,9/2/2020,Ed Lapasota,Unit in house ****LOCATE UNIT****,2964,Speedcast GSI Gov,,
SHIPPED,3/27/2020,Ed Lapasota,Shipped to GGW 03.27.20,2965,GGW,,
RETURNED,9/2/2020,Ed Lapasota,Returned from GGW 09.02.20,2966,Speedcast GSI Gov,,
MISSING,9/2/2020,Ed Lapasota,To be Located,2967,Unknown,,
SHIPPED,4/17/2020,Ed Lapasota,Shipped to RSW 04.17.20 ,2967,Speedcast GSI Gov,,
VERIFIED,5/15/2020,Ed Lapasota,Unit in house 05.15.20 - NQX Test Rack 06.04.20 |,2968,Speedcast GSI Gov,,
VERIFIED,9/2/2020,Ed Lapasota,Failed during test RMA 06.08.20 ship date TBD | Returned from GDC 09.02.20 |,2969,Speedcast GSI Gov,,
SHIPPED,3/11/2020,Ed Lapasota,Ship to QUZ 03.11.20,2969,QUZ,,
SHIPPED,2/20/2020,Ed Lapasota,Ship to QYB 02.28.20,2969,QYB,,
RETURNED,5/15/2020,Ed Lapasota,In House 05.15.20,2970,Speedcast GSI Gov,,
SHIPPED,6/4/2020,Ed Lapasota, Shipped to QOM 06.04.20 |,2971,QOM,,
SHIPPED,9/2/2020,Ed Lapasota,Boxed - Shipping to QXU - TBD |,2971,Speedcast GSI Gov,,
SHIPPED,1/17/2020,Ed Lapasota,Shipped to QJA 01.17.20,2971,QJA,,
RETURNED,5/15/2020,Ed Lapasota, In House 05.15.20 ,2971,Speedcast GSI Gov,,
SHIPPED,5/29/2020,Ed Lapasota,"TESTING, shipped to QJA 05.29.20 ",2972,QJA,,
SHIPPED,6/15/2020,Ed Lapasota, returned from QJA Broken card rails  TO BE SENT OUT,2973,Speedcast GSI Gov,,
SHIPPED,5/21/2020,Ed Lapasota,Ship to QJA 5/21/20,2974,QJA,,
RETURNED,6/15/2020,Ed Lapasota,Returned from GDC RTV-6682 1/23/20,2974,Speedcast GSI Gov,,
SHIPPED,1/23/2020,Ed Lapasota,"Returned from GDC RTV-6682 1/23/20 on Aggr Connector, shipping Back AGAIN 06.2.20 ",2974,Comtech,,
RETURNED,5/15/2020,Ed Lapasota,shipped to Vendor - Bad Aggr connection on Backplane AGAIN ,2974,Speedcast GSI Gov,,
SHIPPED,6/2/2020,Ed Lapasota,"Returned from GDC RTV-6682 1/23/20 |shipped to Vendor - Bad Aggr connection on Backplane 05.15.20 | Returned from Vendor with no change.  Unit Still Loose on Aggr Connector, shipping Back AGAIN 06.2.20 | In-House 09.02.20 |",2975,Speedcast GSI Gov,,
SHIPPED,9/2/2020,Ed Lapasota,"Returned from GDC RTV-6682 1/23/20 |shipped to Vendor - Bad Aggr connection on Backplane 05.15.20 | Returned from Vendor with no change.  Unit Still Loose on Aggr Connector, shipping Back AGAIN 06.2.20 | In-House 09.02.20 |",2975,Speedcast GSI Gov,,
TESTING,6/1/2020,Ed Lapasota,Shipped to QOM 04.17.20 | Received from QOM - By Chris/Fausto 06.01.20 ***MUST TEST*** |,2976,Speedcast GSI Gov,,
SHIPPED,4/17/2020,Ed Lapasota,Shipped to QOM 04.17.20 | Received from QOM - By Chris/Fausto 06.01.20 ***MUST TEST*** |,2976,QOM,,
VERIFIED,5/15/2020,Ed Lapasota,in  House 05.15.20 | ,2977,Speedcast GSI Gov,,
RETURNED,9/2/2020,Ed Lapasota,Returned from GDC 09.02.20|,2977,Speedcast GSI Gov,,
VERIFIED,5/15/2020,Ed Lapasota,in  House 05.15.20,2978,Speedcast GSI Gov,,
VERIFIED,5/29/2020,Ed Lapasota,in  House 05.15.20 | SCG NQX Test Rack 05.29.20 |,2979,Speedcast GSI Gov,,
VERIFIED,6/1/2020,Ed Lapasota,"FAILED POWER SUPPLY, PWR SUPPLY HUMMING SOUND | Returned from Vendor, works with Loopback, further testing to follow 06.01.20 | Installed in NQX Rack",2979,Speedcast GSI Gov,,
VERIFIED,5/25/2020,Ed Lapasota,BAD PWR SUPPLY - Will not power on.  Bad FAN - Not working 05.25.20Installed in BHF TEST Rack,2980,Speedcast GSI Gov,,
VERIFIED,6/1/2020,Ed Lapasota," Returned from Vendor, works with Loopback, further testing to follow 06.01.20 | Installed in BHF TEST Rack",2981,Speedcast GSI Gov,,
VERIFIED,6/15/2020,Ed Lapasota,Returned from John Kayanek 06.15.20 | BHF TEST RACK,2982,Speedcast GSI Gov,,
SHIPPED,5/28/2020,Ed Lapasota,Shipped to QJA 05.28.20 | RTV - Broken Rails |,2983,QJA,,
SHIPPED,6/4/2020,Ed Lapasota,Shipped to QOM 06.04.20,2984,QOM,,
SHIPPED,6/8/2020,Ed Lapasota,Received in 06.08.20,2985,Speedcast GSI Gov,,
VERIFIED,7/9/2020,Ed Lapasota,Returned from QJA - John Kayanek - 7/9/20 | RTV - Intermmitent Aggr.,2986,Speedcast GSI Gov,,
RETURNED,6/30/2020,Ed Lapasota,Return from Harris Mobile Gateway (LOADED) 063020 | In-House |,2987,Speedcast GSI Gov,,
RETURNED,6/30/2020,Ed Lapasota,Return from Harris Mobile Gateway (LOADED) 063020,2988,Speedcast GSI Gov,,
RETURNED,6/30/2020,Ed Lapasota,Return from Harris Mobile Gateway (LOADED) 063020,2989,Speedcast GSI Gov,,
RETURNED,6/30/2020,Ed Lapasota,Return from Harris Mobile Gateway (LOADED) 063020 | Bench Testing |,2990,Speedcast GSI Gov,,
SHIPPED,9/2/2020,Ed Lapasota,shipping to NQX - TBD,2991,NQX,,
MISSING,5/15/2020,Ed Lapasota,Verified In House 05.15.20,2992,Speedcast GSI Gov,,
VERIFIED,5/15/2020,Ed Lapasota,Returned from BHF | In House 05.15.20 | BHF TEST RACK | ,2993,Speedcast GSI Gov,,
MISSING,5/15/2020,Ed Lapasota,Verified In House 05.15.20,2994,Speedcast GSI Gov,,
RETURNED,5/15/2020,Ed Lapasota,Returned from QXR | In House 05.15.20 In NQX test rk |,2995,Speedcast GSI Gov,,
RETURNED,5/15/2020,Ed Lapasota,Returned from QXR | MUST LOCATE,2996,Unknown,,
MISSING,5/15/2020,Ed Lapasota,Verified In House 05.15.20 NQX RK | BENCH TESTING |,2997,Speedcast GSI Gov,,
MISSING,5/15/2020,Ed Lapasota,Verified In House 05.15.20,2998,Speedcast GSI Gov,,
RETURNED,1/23/2020,Ed Lapasota,Returned from GDC RTV-6682 1/23/20 | MUST LOCATE,2999,Unknown,,
RETURNED,6/30/2020,Ed Lapasota,Return from Harris Mobile Gateway (LOADED) 063020,3000,Speedcast GSI Gov,,
VERIFIED,9/2/2020,Ed Lapasota,In-House,3001,Speedcast GSI Gov,,
VERIFIED,9/2/2020,Ed Lapasota,In-House,3002,Speedcast GSI Gov,,
VERIFIED,9/2/2020,Ed Lapasota,In-House,3003,Speedcast GSI Gov,,
VERIFIED,9/2/2020,Ed Lapasota,In-House,3004,Speedcast GSI Gov,,
VERIFIED,9/2/2020,Ed Lapasota,,3005,Speedcast GSI Gov,,
VERIFIED,9/2/2020,Ed Lapasota,STORED ON SITE,3006,Speedcast GSI Gov,,
VERIFIED,9/2/2020,Ed Lapasota,On Site,3007,Speedcast GSI Gov,,
VERIFIED,9/2/2020,Ed Lapasota,On Site,3008,Speedcast GSI Gov,,
VERIFIED,9/2/2020,Ed Lapasota,On Site,3009,Speedcast GSI Gov,,
VERIFIED,9/2/2020,Ed Lapasota,On Site,3010,Speedcast GSI Gov,,
VERIFIED,9/2/2020,Ed Lapasota,On Site,3011,Speedcast GSI Gov,,
VERIFIED,9/2/2020,Ed Lapasota,On Site,3012,Speedcast GSI Gov,,
VERIFIED,9/2/2020,Ed Lapasota,STORED ON SITE,3013,Speedcast GSI Gov,,
VERIFIED,9/2/2020,Ed Lapasota,On Site,3014,Speedcast GSI Gov,,
VERIFIED,9/2/2020,Ed Lapasota,On Site-Qty 2 cards have no piggy back cards,3015,Speedcast GSI Gov,,
VERIFIED,9/2/2020,Ed Lapasota,On Site,3016,Speedcast GSI Gov,,
VERIFIED,9/2/2020,Ed Lapasota,On Site,3017,Speedcast GSI Gov,,
VERIFIED,9/2/2020,Ed Lapasota,On Site,3018,Speedcast GSI Gov,,
VERIFIED,9/2/2020,Ed Lapasota,On Site,3019,Speedcast GSI Gov,,
VERIFIED,9/2/2020,Ed Lapasota,On Site,3020,Speedcast GSI Gov,,
