ANICS CFE,ANICS Shelf,036B300-001,GLDC 00063459,TMS Chassis,Speedcast GSI Gov,In-House,"includes 6 ACC cards, 1 RCC card, 2 ESCC cards, 4 CIC cards | ZSU |",9/25/2020,Ed Lapasota
ANICS CFE,ANICS Shelf,036M313-006,GLDC 00678202,ACC card,Speedcast GSI Gov,In-House,Assigned to ZSU,9/25/2020,Ed Lapasota
ANICS CFE,ANICS Shelf,036M313-006,GLDC 00063463,ACC card,Speedcast GSI Gov,In-House,Assigned to ZSU,9/25/2020,Ed Lapasota
ANICS CFE,ANICS Shelf,036M313-006,GLDC 00055445,ACC card,Speedcast GSI Gov,In-House,Assigned to ZSU,9/25/2020,Ed Lapasota
ANICS CFE,ANICS Shelf,036M313-006,GLDC 00063461,ACC card,Speedcast GSI Gov,In-House,Assigned to ZSU,9/25/2020,Ed Lapasota
ANICS CFE,ANICS Shelf,036M313-006,GLDC 00063640,ACC card,Speedcast GSI Gov,In-House,Assigned to ZSU,9/25/2020,Ed Lapasota
ANICS CFE,ANICS Shelf,036M313-006,GLDC 00063465,ACC card,Speedcast GSI Gov,In-House,Assigned to ZSU,9/25/2020,Ed Lapasota
ANICS CFE,ANICS Shelf,036P302-001,GLDC 00063456,RCC card ,Speedcast GSI Gov,In-House,Assigned to ZSU,9/25/2020,Ed Lapasota
ANICS CFE,ANICS Shelf,036036M337-001,GLDC 00063455,ESCC card,Speedcast GSI Gov,In-House,Assigned to ZSU,9/25/2020,Ed Lapasota
ANICS CFE,ANICS Shelf,036036M337-001,GLDC 00063457,ESCC card,Speedcast GSI Gov,In-House,Assigned to ZSU,9/25/2020,Ed Lapasota
ANICS CFE,ANICS Shelf,036P304-003,GLDC 00063444,CIC card,Speedcast GSI Gov,In-House,Assigned to ZSU,9/25/2020,Ed Lapasota
ANICS CFE,ANICS Shelf,036P304-003,GLDC 00091693,CIC card,Speedcast GSI Gov,In-House,Assigned to ZSU,9/25/2020,Ed Lapasota
ANICS CFE,ANICS Shelf,036P304-003,GLDC 00063447,CIC card,Speedcast GSI Gov,In-House,Assigned to ZSU,9/25/2020,Ed Lapasota
ANICS CFE,ANICS Shelf,036P304-003,GLDC 00063446,CIC card,Speedcast GSI Gov,In-House,Assigned to ZSU,9/25/2020,Ed Lapasota
ANICS CFE,ANICS Shelf,036B300-001,GLDC 00994490,TMS Chassis,Speedcast GSI Gov,In-House,"includes 12 ACC cards, 1 RCC card, 2 ESCC cards, 4 CIC cards",9/25/2020,Ed Lapasota
ANICS CFE,ANICS Shelf,036M313-006,GLDC 00954277,ACC card,Speedcast GSI Gov,In-House,,9/25/2020,Ed Lapasota
ANICS CFE,ANICS Shelf,036M313-006,GLDC 10398220,ACC card,Speedcast GSI Gov,In-House,,9/25/2020,Ed Lapasota
ANICS CFE,ANICS Shelf,036M313-006,GLDC 10574080,ACC card,Speedcast GSI Gov,In-House,,9/25/2020,Ed Lapasota
ANICS CFE,ANICS Shelf,036M313-006,GLDC 00954602,ACC card,Speedcast GSI Gov,In-House,,9/25/2020,Ed Lapasota
ANICS CFE,ANICS Shelf,036M313-006,GLDC 10398233,ACC card,Speedcast GSI Gov,In-House,,9/25/2020,Ed Lapasota
ANICS CFE,ANICS Shelf,036M313-006,GLDC 00954601,ACC card,Speedcast GSI Gov,In-House,,9/25/2020,Ed Lapasota
ANICS CFE,ANICS Shelf,036M313-006,GLDC 10398239,ACC card,Speedcast GSI Gov,In-House,,9/25/2020,Ed Lapasota
ANICS CFE,ANICS Shelf,036M313-006,GLDC 10398068,ACC card,Speedcast GSI Gov,In-House,,9/25/2020,Ed Lapasota
ANICS CFE,ANICS Shelf,036M313-006,GLDC 10398053,ACC card,Speedcast GSI Gov,In-House,,9/25/2020,Ed Lapasota
ANICS CFE,ANICS Shelf,036M313-006,GLDC 00623552,ACC card,Speedcast GSI Gov,In-House,,9/25/2020,Ed Lapasota
ANICS CFE,ANICS Shelf,036M313-006,GLDC 00954279,ACC card,Speedcast GSI Gov,In-House,,9/25/2020,Ed Lapasota
ANICS CFE,ANICS Shelf,036M313-006,GLDC 00954280,ACC card,Speedcast GSI Gov,In-House,,9/25/2020,Ed Lapasota
ANICS CFE,ANICS Shelf,036P302-001,GLDC 00624030,RCC card ,Speedcast GSI Gov,In-House,,9/25/2020,Ed Lapasota
ANICS CFE,ANICS Shelf,036036M337-001,GLDC 00624029,ESCC card,Speedcast GSI Gov,In-House,,9/25/2020,Ed Lapasota
ANICS CFE,ANICS Shelf,036036M337-001,GLDC 00624028,ESCC card,Speedcast GSI Gov,In-House,,9/25/2020,Ed Lapasota
ANICS CFE,ANICS Shelf,036P304-003,GLDC 00080190,CIC card,Speedcast GSI Gov,In-House,,9/25/2020,Ed Lapasota
ANICS CFE,ANICS Shelf,036P304-003,GLDC 00954307,CIC card,Speedcast GSI Gov,In-House,,9/25/2020,Ed Lapasota
ANICS CFE,ANICS Shelf,036P304-003,GLDC 00954305,CIC card,Speedcast GSI Gov,In-House,,9/25/2020,Ed Lapasota
ANICS CFE,ANICS Shelf,036P304-003,GLDC 00954306,CIC card,Speedcast GSI Gov,In-House,,9/25/2020,Ed Lapasota
ANICS CFE,ANICS Shelf,036B300-001,GLDC 00063420,TMS Chassis,Speedcast GSI Gov,In-House,"includes 10 ACC cards, 1 RCC card, 2 ESCC cards, 6 CIC cards",9/25/2020,Ed Lapasota
ANICS CFE,ANICS Shelf,036M313-006,GLDC 00131013,ACC card,Speedcast GSI Gov,In-House,,9/25/2020,Ed Lapasota
ANICS CFE,ANICS Shelf,036M313-006,GLDC 00131014,ACC card,Speedcast GSI Gov,In-House,,9/25/2020,Ed Lapasota
ANICS CFE,ANICS Shelf,036M313-006,GLDC 00131015,ACC card,Speedcast GSI Gov,In-House,,9/25/2020,Ed Lapasota
ANICS CFE,ANICS Shelf,036M313-006,GLDC 00131016,ACC card,Speedcast GSI Gov,In-House,,9/25/2020,Ed Lapasota
ANICS CFE,ANICS Shelf,036M313-006,GLDC 00623551,ACC card,Speedcast GSI Gov,In-House,,9/25/2020,Ed Lapasota
ANICS CFE,ANICS Shelf,036M313-006,GLDC 10398055,ACC card,Speedcast GSI Gov,In-House,,9/25/2020,Ed Lapasota
ANICS CFE,ANICS Shelf,036M313-006,GLDC 00623554,ACC card,Speedcast GSI Gov,In-House,,9/25/2020,Ed Lapasota
ANICS CFE,ANICS Shelf,036M313-006,GLDC 00623556,ACC card,Speedcast GSI Gov,In-House,,9/25/2020,Ed Lapasota
ANICS CFE,ANICS Shelf,036M313-006,GLDC 00623553,ACC card,Speedcast GSI Gov,In-House,,9/25/2020,Ed Lapasota
ANICS CFE,ANICS Shelf,036M313-006,GLDC 00623555,ACC card,Speedcast GSI Gov,In-House,,9/25/2020,Ed Lapasota
ANICS CFE,ANICS Shelf,036P304-003,GLDC 00091985,CIC card,Speedcast GSI Gov,In-House,,9/25/2020,Ed Lapasota
ANICS CFE,ANICS Shelf,036P304-003,GLDC 00304672,CIC card,Speedcast GSI Gov,In-House,,9/25/2020,Ed Lapasota
ANICS CFE,ANICS Shelf,036P302-001,GLDC 00131002,RCC card ,Speedcast GSI Gov,In-House,,9/25/2020,Ed Lapasota
ANICS CFE,ANICS Shelf,036036M337-001,GLDC 00304782,ESCC card,Speedcast GSI Gov,In-House,,9/25/2020,Ed Lapasota
ANICS CFE,ANICS Shelf,036036M337-001,GLDC 00360533,ESCC card,Speedcast GSI Gov,In-House,,9/25/2020,Ed Lapasota
ANICS CFE,ANICS Shelf,036P304-003,GLDC 00130969,CIC card,Speedcast GSI Gov,In-House,,9/25/2020,Ed Lapasota
ANICS CFE,ANICS Shelf,036P304-003,GLDC 00130968,CIC card,Speedcast GSI Gov,In-House,,9/25/2020,Ed Lapasota
ANICS CFE,ANICS Shelf,036P304-003,GLDC 00182430,CIC card,Speedcast GSI Gov,In-House,,9/25/2020,Ed Lapasota
ANICS CFE,ANICS Shelf,036P304-003,GLDC 00182431,CIC card,Speedcast GSI Gov,In-House,,9/25/2020,Ed Lapasota
ANICS CFE,ANICS Shelf,035B006,GLDC 00266934,GDC GPS 8 Power supply,Speedcast GSI Gov,In-House,Includes 3 PS modules,9/25/2020,Ed Lapasota
ANICS CFE,ANICS Shelf,035B006,GLDC 00130122,GDC GPS 8 Power supply,Speedcast GSI Gov,In-House,Includes 3 PS modules,9/25/2020,Ed Lapasota
ANICS CFE,ANICS Shelf,035B006,GLDC 00130126,GDC GPS 8 Power supply,Speedcast GSI Gov,In-House,Includes 3 PS modules,9/25/2020,Ed Lapasota
ANICS CFE,ANICS Shelf,035B006,GLDC 00199840,GDC GPS 8 Power supply,Speedcast GSI Gov,In-House,Includes 4 PS modules,9/25/2020,Ed Lapasota
ANICS CFE,ANICS Shelf,035B006,GLDC 00130118,GDC GPS 8 Power supply,Speedcast GSI Gov,In-House,Includes 4 PS modules,9/25/2020,Ed Lapasota
ANICS CFE,ANICS Shelf,036M302,ALTRON 075652,TMS Expansion chassis,Speedcast GSI Gov,In-House,includes 2 exp cards,9/25/2020,Ed Lapasota
ANICS CFE,ANICS Shelf,036M078-001,GLDC 00476651,GDC UDC card,Speedcast GSI Gov,In-House,232,9/25/2020,Ed Lapasota
ANICS CFE,ANICS Shelf,036M078-004,GLDC 10759796,GDC UDC card,Speedcast GSI Gov,In-House,V.35,9/25/2020,Ed Lapasota
ANICS CFE,ANICS Shelf,036M078-001,GLDC 00201847,GDC UDC card,Speedcast GSI Gov,In-House,232,9/25/2020,Ed Lapasota
ANICS CFE,ANICS Shelf,036M078-004,GLDC 00954197,GDC UDC card,Speedcast GSI Gov,In-House,V.35,9/25/2020,Ed Lapasota
ANICS CFE,ANICS Shelf,036M078-001,GLDC 00954202,GDC UDC card,Speedcast GSI Gov,In-House,232,9/25/2020,Ed Lapasota
ANICS CFE,ANICS Shelf,036M078-004,GLDC 00954209,GDC UDC card,Speedcast GSI Gov,In-House,V.35,9/25/2020,Ed Lapasota
ANICS CFE,ANICS Shelf,036M078-002,GLDC 00954151,GDC UDC card,Speedcast GSI Gov,In-House,422,9/25/2020,Ed Lapasota
ANICS CFE,ANICS Shelf,036M078-001,GLDC 00476638,GDC UDC card,Speedcast GSI Gov,In-House,232,9/25/2020,Ed Lapasota
ANICS CFE,ANICS Shelf,036M078-001,GLDC 00077833,GDC UDC card,Speedcast GSI Gov,In-House,232,9/25/2020,Ed Lapasota
ANICS CFE,ANICS Shelf,036M078-001,GLDC 10142465,GDC UDC card,Speedcast GSI Gov,In-House,232,9/25/2020,Ed Lapasota
ANICS CFE,BHF Test Rk,036M078-002,GLDC 00954038,GDC UDC card,Speedcast GSI Gov,In-House,Converted to 422,9/25/2020,Ed Lapasota
ANICS CFE,BHF Test Rk,036M078-002,GLDC 00476632,GDC UDC card,Speedcast GSI Gov,In-House,Converted to 422,9/25/2020,Ed Lapasota
ANICS CFE,ANICS Shelf,036M078-001,GLDC 00063574,GDC UDC card,Speedcast GSI Gov,In-House,232,9/25/2020,Ed Lapasota
ANICS CFE,ANICS Shelf,036M078-001,GLDC 00118157,GDC UDC card,Speedcast GSI Gov,In-House,232,9/25/2020,Ed Lapasota
ANICS CFE,ANICS Shelf,036M078-001,GLDC 00118158,GDC UDC card,Speedcast GSI Gov,In-House,232,9/25/2020,Ed Lapasota
ANICS CFE,ANICS Shelf,036M302,GLDC 00304766,TMS Expansion chassis,Speedcast GSI Gov,In-House,includes 2 exp cards,9/25/2020,Ed Lapasota
ANICS CFE,ANICS Shelf,036P265-003,GLDC 00304792,GDC UVC card,Speedcast GSI Gov,In-House,ADPCP,9/25/2020,Ed Lapasota
ANICS CFE,ANICS Shelf,036P265-003,GLDC 00304791,GDC UVC card,Speedcast GSI Gov,In-House,ADPCP,9/25/2020,Ed Lapasota
ANICS CFE,ANICS Shelf,036P265-003,GLDC 00304795,GDC UVC card,Speedcast GSI Gov,In-House,ADPCP,9/25/2020,Ed Lapasota
ANICS CFE,ANICS Shelf,036P265-003,GLDC 00304793,GDC UVC card,Speedcast GSI Gov,In-House,ADPCP,9/25/2020,Ed Lapasota
ANICS CFE,ANICS Shelf,036P265-003,GLDC 00187926,GDC UVC card,Speedcast GSI Gov,In-House,ADPCP,9/25/2020,Ed Lapasota
ANICS CFE,ANICS Shelf,036M078-001,GLDC 00304752,GDC UDC card,Speedcast GSI Gov,In-House,232,9/25/2020,Ed Lapasota
ANICS CFE,ANICS Shelf,036M078-001,GLDC 00304751,GDC UDC card,Speedcast GSI Gov,In-House,232,9/25/2020,Ed Lapasota
ANICS CFE,ANICS Shelf,036M078-001,GLDC 00304754,GDC UDC card,Speedcast GSI Gov,In-House,232,9/25/2020,Ed Lapasota
ANICS CFE,ANICS Shelf,036M078-001,GLDC 00304753,GDC UDC card,Speedcast GSI Gov,In-House,232,9/25/2020,Ed Lapasota
ANICS CFE,ANICS Shelf,036M078-001,GLDC 00304758,GDC UDC card,Speedcast GSI Gov,In-House,232,9/25/2020,Ed Lapasota
ANICS CFE,ANICS Shelf,036M078-001,GLDC 00304757,GDC UDC card,Speedcast GSI Gov,In-House,232,9/25/2020,Ed Lapasota
ANICS CFE,ANICS Shelf,036M078-001,GLDC 00304750,GDC UDC card,Speedcast GSI Gov,In-House,232,9/25/2020,Ed Lapasota
ANICS CFE,ANICS Shelf,036M302,ALTRON 075635,TMS Expansion chassis,Speedcast GSI Gov,In-House,includes 2 exp cards,9/25/2020,Ed Lapasota
ANICS CFE,ANICS Shelf,036P265-003,GLDC 00118216,GDC UVC card,Speedcast GSI Gov,In-House,ADPCM,9/25/2020,Ed Lapasota
ANICS CFE,ANICS Shelf,036P265-003,GLDC 00118210,GDC UVC card,Speedcast GSI Gov,In-House,ADPCM,9/25/2020,Ed Lapasota
ANICS CFE,ANICS Shelf,036P265-003,GLDC 00118222,GDC UVC card,Speedcast GSI Gov,In-House,ADPCM,9/25/2020,Ed Lapasota
ANICS CFE,ANICS Shelf,036P265-003,GLDC 00118203,GDC UVC card,Speedcast GSI Gov,In-House,ADPCM,9/25/2020,Ed Lapasota
ANICS CFE,ANICS Shelf,036P265-003,GLDC 00118221,GDC UVC card,Speedcast GSI Gov,In-House,ADPCM,9/25/2020,Ed Lapasota
ANICS CFE,ANICS Shelf,036P265-003,GLDC 00118204,GDC UVC card,Speedcast GSI Gov,In-House,ADPCM,9/25/2020,Ed Lapasota
ANICS CFE,ANICS Shelf,036P265-003,GLDC 00118193,GDC UVC card,Speedcast GSI Gov,In-House,ADPCM,9/25/2020,Ed Lapasota
ANICS CFE,ANICS Shelf,036P265-003,GLDC 00118199,GDC UVC card,Speedcast GSI Gov,In-House,ADPCM,9/25/2020,Ed Lapasota
ANICS CFE,ANICS Shelf,036P265-003,GLDC 00118200,GDC UVC card,Speedcast GSI Gov,In-House,ADPCM,9/25/2020,Ed Lapasota
ANICS CFE,ANICS Shelf,036P265-003,GLDC 00091416,GDC UVC card,Speedcast GSI Gov,In-House,ADPCM,9/25/2020,Ed Lapasota
ANICS CFE,ANICS Shelf,036P265-003,GLDC 00091426,GDC UVC card,Speedcast GSI Gov,In-House,ADPCM,9/25/2020,Ed Lapasota
ANICS CFE,ANICS Shelf,036M078-001,GLDC 00201827,GDC UDC card,Speedcast GSI Gov,In-House,232,9/25/2020,Ed Lapasota
ANICS CFE,ANICS Shelf,036M078-004,GLDC 00954198,GDC UDC card,Speedcast GSI Gov,In-House,V.35,9/25/2020,Ed Lapasota
ANICS CFE,ANICS Shelf,036M078-001,GLDC 00066969,GDC UDC card,Speedcast GSI Gov,In-House,232,9/25/2020,Ed Lapasota
ANICS CFE,ANICS Shelf,036M078-001,GLDC 10079718,GDC UDC card,Speedcast GSI Gov,In-House,232,9/25/2020,Ed Lapasota
ANICS CFE,ANICS Shelf,036M078-001,GLDC 10079739,GDC UDC card,Speedcast GSI Gov,In-House,232,9/25/2020,Ed Lapasota
ANICS CFE,ANICS Shelf,036M302,GLDC 00199836,TMS Expansion chassis,Speedcast GSI Gov,In-House,includes 2 exp cards,9/25/2020,Ed Lapasota
ANICS CFE,ANICS Shelf,036M078-001,GLDC 00079197,GDC UDC card,Speedcast GSI Gov,In-House,232,9/25/2020,Ed Lapasota
ANICS CFE,ANICS Shelf,036M078-001,GLDC 00660823,GDC UDC card,Speedcast GSI Gov,In-House,232,9/25/2020,Ed Lapasota
ANICS CFE,ANICS Shelf,036M078-001,GLDC 00954072,GDC UDC card,Speedcast GSI Gov,In-House,232,9/25/2020,Ed Lapasota
ANICS CFE,ANICS Shelf,036M078-001,GLDC 00726899,GDC UDC card,Speedcast GSI Gov,In-House,232,9/25/2020,Ed Lapasota
ANICS CFE,ANICS Shelf,036M078-001,GLDC 00954348,GDC UDC card,Speedcast GSI Gov,In-House,232,9/25/2020,Ed Lapasota
ANICS CFE,ANICS Shelf,036M078-001,GLDC 00954351,GDC UDC card,Speedcast GSI Gov,In-House,232,9/25/2020,Ed Lapasota
ANICS CFE,ANICS Shelf,036M078-001,GLDC 00078027,GDC UDC card,Speedcast GSI Gov,In-House,232,9/25/2020,Ed Lapasota
ANICS CFE,ANICS Shelf,036M078-001,GLDC 00078332,GDC UDC card,Speedcast GSI Gov,In-House,232,9/25/2020,Ed Lapasota
ANICS CFE,ANICS Shelf,036M078-001,GLDC 00078026,GDC UDC card,Speedcast GSI Gov,In-House,232,9/25/2020,Ed Lapasota
ANICS CFE,ANICS Shelf,036M078-001,GLDC 00078028,GDC UDC card,Speedcast GSI Gov,In-House,232,9/25/2020,Ed Lapasota
ANICS CFE,ANICS Shelf,036M078-001,GLDC 00677801,GDC UDC card,Speedcast GSI Gov,In-House,232,9/25/2020,Ed Lapasota
ANICS CFE,ANICS Shelf,036M078-001,GLDC 00677800,GDC UDC card,Speedcast GSI Gov,In-House,232,9/25/2020,Ed Lapasota
ANICS CFE,ANICS Shelf,036M078-001,GLDC 00726972,GDC UDC card,Speedcast GSI Gov,In-House,232,9/25/2020,Ed Lapasota
ANICS CFE,ANICS Shelf,036M078-001,GLDC 00206324,GDC UDC card,Speedcast GSI Gov,In-House,232,9/25/2020,Ed Lapasota
ANICS CFE,ANICS Shelf,036M078-001,GLDC 00677804,GDC UDC card,Speedcast GSI Gov,In-House,232,9/25/2020,Ed Lapasota
ANICS CFE,ANICS Shelf,036M078-001,GLDC 00953991,GDC UDC card,Speedcast GSI Gov,In-House,232,9/25/2020,Ed Lapasota
ANICS CFE,ANICS Shelf,036M302,GLDC 00118417,TMS Expansion chassis,Speedcast GSI Gov,In-House,"includes 2 exp cards 
**harness cut!",9/25/2020,Ed Lapasota
ANICS CFE,ANICS Shelf,036M078-001,GLDC 00954061,GDC UDC card,Speedcast GSI Gov,In-House,232,9/25/2020,Ed Lapasota
ANICS CFE,ANICS Shelf,036M078-001,GLDC 00953930,GDC UDC card,Speedcast GSI Gov,In-House,232,9/25/2020,Ed Lapasota
ANICS CFE,ANICS Shelf,036M078-001,GLDC 00953909,GDC UDC card,Speedcast GSI Gov,In-House,232,9/25/2020,Ed Lapasota
ANICS CFE,ANICS Shelf,036M078-001,GLDC 00079477,GDC UDC card,Speedcast GSI Gov,In-House,232,9/25/2020,Ed Lapasota
ANICS CFE,ANICS Shelf,036M078-001,GLDC 10571645,GDC UDC card,Speedcast GSI Gov,In-House,232,9/25/2020,Ed Lapasota
ANICS CFE,ANICS Shelf,036M078-001,GLDC 00727566,GDC UDC card,Speedcast GSI Gov,In-House,232,9/25/2020,Ed Lapasota
ANICS CFE,ANICS Shelf,036M078-001,GLDC 00727571,GDC UDC card,Speedcast GSI Gov,In-House,232,9/25/2020,Ed Lapasota
ANICS CFE,ANICS Shelf,036P265-003,GLDC 00118328,GDC UVC card,Speedcast GSI Gov,In-House,ADPCM,9/25/2020,Ed Lapasota
ANICS CFE,ANICS Shelf,036P265-003,GLDC 00091730,GDC UVC card,Speedcast GSI Gov,In-House,ADPCM,9/25/2020,Ed Lapasota
ANICS CFE,ANICS Shelf,036P265-003,GLDC 00118332,GDC UVC card,Speedcast GSI Gov,In-House,ADPCM,9/25/2020,Ed Lapasota
ANICS CFE,ANICS Shelf,036P265-003,GLDC 00091731,GDC UVC card,Speedcast GSI Gov,In-House,ADPCM,9/25/2020,Ed Lapasota
ANICS CFE,ANICS Shelf,036P265-003,GLDC 00118334,GDC UVC card,Speedcast GSI Gov,In-House,ADPCM,9/25/2020,Ed Lapasota
ANICS CFE,ANICS Shelf,036P265-003,GLDC 00118336,GDC UVC card,Speedcast GSI Gov,In-House,ADPCM,9/25/2020,Ed Lapasota
ANICS CFE,ANICS Shelf,036P265-003,GLDC 00118333,GDC UVC card,Speedcast GSI Gov,In-House,ADPCM,9/25/2020,Ed Lapasota
ANICS CFE,ANICS Shelf,036P265-003,GLDC 00067030,GDC UVC card,Speedcast GSI Gov,In-House,ADPCM,9/25/2020,Ed Lapasota
ANICS CFE,ANICS Shelf,036M302,GLDC 00063399,TMS Expansion chassis,Speedcast GSI Gov,In-House,includes 2 exp cards,9/25/2020,Ed Lapasota
ANICS CFE,ANICS Shelf,036P265-003,GLDC 00130988,GDC UVC card,Speedcast GSI Gov,In-House,ADPCM,9/25/2020,Ed Lapasota
ANICS CFE,ANICS Shelf,036P265-003,GLDC 00091415,GDC UVC card,Speedcast GSI Gov,In-House,ADPCM,9/25/2020,Ed Lapasota
ANICS CFE,ANICS Shelf,036P265-003,GLDC 00266968,GDC UVC card,Speedcast GSI Gov,In-House,ADPCM,9/25/2020,Ed Lapasota
ANICS CFE,ANICS Shelf,036P265-003,GLDC 00118344,GDC UVC card,Speedcast GSI Gov,In-House,ADPCM,9/25/2020,Ed Lapasota
ANICS CFE,ANICS Shelf,036P265-003,GLDC 00091744,GDC UVC card,Speedcast GSI Gov,In-House,ADPCM,9/25/2020,Ed Lapasota
ANICS CFE,ANICS Shelf,036P265-003,GLDC 00091724,GDC UVC card,Speedcast GSI Gov,In-House,ADPCM,9/25/2020,Ed Lapasota
ANICS CFE,ANICS Shelf,036P265-003,GLDC 00490465,GDC UVC card,Speedcast GSI Gov,In-House,ADPCM,9/25/2020,Ed Lapasota
ANICS CFE,ANICS Shelf,036P265-003,GLDC 00490469,GDC UVC card,Speedcast GSI Gov,In-House,ADPCM,9/25/2020,Ed Lapasota
ANICS CFE,ANICS Shelf,036P265-003,GLDC 00130995,GDC UVC card,Speedcast GSI Gov,In-House,ADPCM,9/25/2020,Ed Lapasota
ANICS CFE,ANICS Shelf,036P265-003,GLDC 00130994,GDC UVC card,Speedcast GSI Gov,In-House,ADPCM,9/25/2020,Ed Lapasota
ANICS CFE,ANICS Shelf,036P265-003,GLDC 00130993,GDC UVC card,Speedcast GSI Gov,In-House,ADPCM,9/25/2020,Ed Lapasota
ANICS CFE,ANICS Shelf,036P265-003,GLDC 00130992,GDC UVC card,Speedcast GSI Gov,In-House,ADPCM,9/25/2020,Ed Lapasota
ANICS CFE,ANICS Shelf,036P265-003,GLDC 00130991,GDC UVC card,Speedcast GSI Gov,In-House,ADPCM,9/25/2020,Ed Lapasota
ANICS CFE,ANICS Shelf,036P265-003,GLDC 00130990,GDC UVC card,Speedcast GSI Gov,In-House,ADPCM,9/25/2020,Ed Lapasota
ANICS CFE,ANICS Shelf,036P265-003,GLDC 00130989,GDC UVC card,Speedcast GSI Gov,In-House,ADPCM,9/25/2020,Ed Lapasota
ANICS CFE,ANICS Shelf,036M302,GLDC 00623985,TMS Expansion chassis,Speedcast GSI Gov,In-House,includes 2 exp cards,9/25/2020,Ed Lapasota
ANICS CFE,ANICS Shelf,036M078-001,GLDC 00624015,GDC UDC card,Speedcast GSI Gov,In-House,232,9/25/2020,Ed Lapasota
ANICS CFE,ANICS Shelf,036M078-001,GLDC 00624011,GDC UDC card,Speedcast GSI Gov,In-House,232,9/25/2020,Ed Lapasota
ANICS CFE,ANICS Shelf,036M078-001,GLDC 00091586,GDC UDC card,Speedcast GSI Gov,In-House,232,9/25/2020,Ed Lapasota
ANICS CFE,ANICS Shelf,036M078-001,GLDC 10076650,GDC UDC card,Speedcast GSI Gov,In-House,232,9/25/2020,Ed Lapasota
ANICS CFE,ANICS Shelf,036M078-001,GLDC 00624008,GDC UDC card,Speedcast GSI Gov,In-House,232,9/25/2020,Ed Lapasota
ANICS CFE,ANICS Shelf,036M078-001,GLDC 00624007,GDC UDC card,Speedcast GSI Gov,In-House,232,9/25/2020,Ed Lapasota
ANICS CFE,ANICS Shelf,036M078-001,GLDC 00624006,GDC UDC card,Speedcast GSI Gov,In-House,232,9/25/2020,Ed Lapasota
ANICS CFE,ANICS Shelf,036M078-001,GLDC 00624005,GDC UDC card,Speedcast GSI Gov,In-House,232,9/25/2020,Ed Lapasota
ANICS CFE,ANICS Shelf,036M078-001,GLDC 00624004,GDC UDC card,Speedcast GSI Gov,In-House,232,9/25/2020,Ed Lapasota
ANICS CFE,ANICS Shelf,036M078-001,GLDC 00624003,GDC UDC card,Speedcast GSI Gov,In-House,232,9/25/2020,Ed Lapasota
ANICS CFE,ANICS Shelf,036M078-001,GLDC 00624002,GDC UDC card,Speedcast GSI Gov,In-House,232,9/25/2020,Ed Lapasota
ANICS CFE,ANICS Shelf,036M078-001,GLDC 00624001,GDC UDC card,Speedcast GSI Gov,In-House,232,9/25/2020,Ed Lapasota
ANICS CFE,ANICS Shelf,036M302,GLDC 00055421,TMS Expansion chassis,Speedcast GSI Gov,In-House,includes  2 exp cards,9/25/2020,Ed Lapasota
ANICS CFE,ANICS Shelf,036P265-003,GLDC 00067039,GDC UVC card,Speedcast GSI Gov,In-House,ADPCM,9/25/2020,Ed Lapasota
ANICS CFE,ANICS Shelf,036P265-003,GLDC 00066700,GDC UVC card,Speedcast GSI Gov,In-House,ADPCM,9/25/2020,Ed Lapasota
ANICS CFE,ANICS Shelf,036P265-003,GLDC 00055406,GDC UVC card,Speedcast GSI Gov,In-House,ADPCM,9/25/2020,Ed Lapasota
ANICS CFE,ANICS Shelf,036P265-003,GLDC 00055512,GDC UVC card,Speedcast GSI Gov,In-House,ADPCM,9/25/2020,Ed Lapasota
ANICS CFE,ANICS Shelf,036P265-003,GLDC 00079447,GDC UVC card,Speedcast GSI Gov,In-House,ADPCM,9/25/2020,Ed Lapasota
ANICS CFE,ANICS Shelf,036P265-003,GLDC 00055229,GDC UVC card,Speedcast GSI Gov,In-House,ADPCM,9/25/2020,Ed Lapasota
ANICS CFE,ANICS Shelf,036P265-003,GLDC 00055228,GDC UVC card,Speedcast GSI Gov,In-House,ADPCM,9/25/2020,Ed Lapasota
ANICS CFE,ANICS Shelf,036P265-003,GLDC 00055403,GDC UVC card,Speedcast GSI Gov,In-House,ADPCM,9/25/2020,Ed Lapasota
ANICS CFE,ANICS Shelf,036P265-003,GLDC 00077705,GDC UVC card,Speedcast GSI Gov,In-House,ADPCM,9/25/2020,Ed Lapasota
ANICS CFE,ANICS Shelf,036P265-003,GLDC 00055494,GDC UVC card,Speedcast GSI Gov,In-House,ADPCM,9/25/2020,Ed Lapasota
ANICS CFE,ANICS Shelf,036P265-003,GLDC 00205526,GDC UVC card,Speedcast GSI Gov,In-House,ADPCM,9/25/2020,Ed Lapasota
ANICS CFE,ANICS Shelf,036P265-003,GLDC 00205525,GDC UVC card,Speedcast GSI Gov,In-House,ADPCM,9/25/2020,Ed Lapasota
ANICS CFE,ANICS Shelf,036P265-003,GLDC 00205561,GDC UVC card,Speedcast GSI Gov,In-House,ADPCM,9/25/2020,Ed Lapasota
ANICS CFE,ANICS Shelf,036P265-003,GLDC 00205523,GDC UVC card,Speedcast GSI Gov,In-House,ADPCM,9/25/2020,Ed Lapasota
ANICS CFE,ANICS Shelf,036P265-003,GLDC 00205606,GDC UVC card,Speedcast GSI Gov,In-House,ADPCM,9/25/2020,Ed Lapasota
ANICS CFE,ANICS Shelf,036P265-003,GLDC 00067037,GDC UVC card,Speedcast GSI Gov,In-House,ADPCM,9/25/2020,Ed Lapasota
ANICS CFE,ANICS Shelf,036M302,H 30487,TMS Expansion chassis,Speedcast GSI Gov,In-House,includes 2 exp cards,9/25/2020,Ed Lapasota
ANICS CFE,ANICS Shelf,036P265-003,GLDC 00091428,GDC UVC card,Speedcast GSI Gov,In-House,ADPCM,9/25/2020,Ed Lapasota
ANICS CFE,ANICS Shelf,036P265-003,GLDC 00490467,GDC UVC card,Speedcast GSI Gov,In-House,ADPCM,9/25/2020,Ed Lapasota
ANICS CFE,ANICS Shelf,036P265-003,GLDC 00079451,GDC UVC card,Speedcast GSI Gov,In-House,ADPCM,9/25/2020,Ed Lapasota
ANICS CFE,ANICS Shelf,036P265-003,GLDC 00066694,GDC UVC card,Speedcast GSI Gov,In-House,ADPCM,9/25/2020,Ed Lapasota
ANICS CFE,ANICS Shelf,036P265-003,GLDC 00489452,GDC UVC card,Speedcast GSI Gov,In-House,ADPCM,9/25/2020,Ed Lapasota
ANICS CFE,ANICS Shelf,036M078-001,GLDC 10142651,GDC UDC card,Speedcast GSI Gov,In-House,232,9/25/2020,Ed Lapasota
ANICS CFE,ANICS Shelf,036M078-001,GLDC 00726887,GDC UDC card,Speedcast GSI Gov,In-House,232,9/25/2020,Ed Lapasota
ANICS CFE,ANICS Shelf,036M078-001,GLDC 00055348,GDC UDC card,Speedcast GSI Gov,In-House,232,9/25/2020,Ed Lapasota
ANICS CFE,ANICS Shelf,036M078-001,GLDC 00063739,GDC UDC card,Speedcast GSI Gov,In-House,232,9/25/2020,Ed Lapasota
ANICS CFE,ANICS Shelf,036M078-001,GLDC 00077929,GDC UDC card,Speedcast GSI Gov,In-House,232,9/25/2020,Ed Lapasota
ANICS CFE,ANICS Shelf,036M078-001,GLDC 00488504,GDC UDC card,Speedcast GSI Gov,In-House,232,9/25/2020,Ed Lapasota
ANICS CFE,ANICS Shelf,036M078-001,GLDC 00077943,GDC UDC card,Speedcast GSI Gov,In-House,232,9/25/2020,Ed Lapasota
ANICS CFE,ANICS Shelf,036M078-001,GLDC 00055048,GDC UDC card,Speedcast GSI Gov,In-House,232,9/25/2020,Ed Lapasota
ANICS CFE,ANICS Shelf,036M078-001,GLDC 00488501,GDC UDC card,Speedcast GSI Gov,In-House,232,9/25/2020,Ed Lapasota
ANICS CFE,ANICS Shelf,036M078-001,GLDC 00077942,GDC UDC card,Speedcast GSI Gov,In-House,232,9/25/2020,Ed Lapasota
ANICS CFE,ANICS Shelf,036M078-001,GLDC 00055017,GDC UDC card,Speedcast GSI Gov,In-House,232,9/25/2020,Ed Lapasota
TSS GATEWAY,TSS Shelf,036B300-001,GLDC 00010871, TMS Chassis,TSS,On-Site,"includes 6 ACC cards, 1 RCC card, 2 ESCC cards, 2 CIC cards",9/25/2020,Ed Lapasota
TSS GATEWAY,TSS Shelf,036M313-006,GLDC 00010805,ACC card,TSS,On-Site,,9/25/2020,Ed Lapasota
TSS GATEWAY,TSS Shelf,036M313-006,GLDC 00010806,ACC card,TSS,On-Site,,9/25/2020,Ed Lapasota
TSS GATEWAY,TSS Shelf,036M313-006,GLDC 00010809,ACC card,TSS,On-Site,,9/25/2020,Ed Lapasota
TSS GATEWAY,TSS Shelf,036M313-006,GLDC 00010810,ACC card,TSS,On-Site,,9/25/2020,Ed Lapasota
TSS GATEWAY,TSS Shelf,036P302-001,GLDC 00118376,RCC card ,TSS,On-Site,,9/25/2020,Ed Lapasota
TSS GATEWAY,TSS Shelf,036036M337-001,GLDC 00620685,ESCC card,TSS,On-Site,,9/25/2020,Ed Lapasota
TSS GATEWAY,TSS Shelf,036036M337-001,GLDC 00091797,ESCC card,TSS,On-Site,,9/25/2020,Ed Lapasota
TSS GATEWAY,TSS Shelf,036P304-003,GLDC 00118326,CIC card,TSS,On-Site,,9/25/2020,Ed Lapasota
TSS GATEWAY,TSS Shelf,036P304-003,GLDC 00118327,CIC card,TSS,On-Site,,9/25/2020,Ed Lapasota
TSS GATEWAY,TSS Shelf,035B006,GLDC 00304676,GDC GPS 8 Power supply,TSS,On-Site,Includes 2 PS modules,9/25/2020,Ed Lapasota
TSS GATEWAY,TSS Shelf,036M302,E31340,GDC Expansion chassis - Consisting Of:,TSS,On-Site,includes 2 exp cards,9/25/2020,Ed Lapasota
TSS GATEWAY,TSS Shelf,036P265-003,GLDC 00266928,GDC UVC card,TSS,On-Site,ADPCM,9/25/2020,Ed Lapasota
TSS GATEWAY,TSS Shelf,036P265-003,GLDC 00266927,GDC UVC card,TSS,On-Site,ADPCM,9/25/2020,Ed Lapasota
TSS GATEWAY,TSS Shelf,036P265-003,GLDC 00266912,GDC UVC card,TSS,On-Site,ADPCM,9/25/2020,Ed Lapasota
TSS GATEWAY,TSS Shelf,036P265-003,GLDC 00266911,GDC UVC card,TSS,On-Site,ADPCM,9/25/2020,Ed Lapasota
TSS GATEWAY,TSS Shelf,036P265-003,GLDC 00266907,GDC UVC card,TSS,On-Site,ADPCM,9/25/2020,Ed Lapasota
TSS GATEWAY,TSS Shelf,036P265-003,GLDC 00266908,GDC UVC card,TSS,On-Site,ADPCM,9/25/2020,Ed Lapasota
TSS GATEWAY,TSS Shelf,036P265-003,GLDC 00266915,GDC UVC card,TSS,On-Site,ADPCM,9/25/2020,Ed Lapasota
TSS GATEWAY,TSS Shelf,036P265-003,GLDC 00266910,GDC UVC card,TSS,On-Site,ADPCM,9/25/2020,Ed Lapasota
TSS GATEWAY,TSS Shelf,036P265-003,GLDC 00266920,GDC UVC card,TSS,On-Site,ADPCM,9/25/2020,Ed Lapasota
TSS GATEWAY,TSS Shelf,036P265-003,GLDC 00490329,GDC UVC card,TSS,On-Site,ADPCM,9/25/2020,Ed Lapasota
TSS GATEWAY,TSS Shelf,036P265-003,GLDC 00266922,GDC UVC card,TSS,On-Site,ADPCM,9/25/2020,Ed Lapasota
TSS GATEWAY,TSS Shelf,036M078-001,GLDC 00306654,GDC UDC card,TSS,On-Site,232,9/25/2020,Ed Lapasota
TSS GATEWAY,TSS Shelf,036M078-001,GLDC 00266861,GDC UDC card,TSS,On-Site,232,9/25/2020,Ed Lapasota
TSS GATEWAY,TSS Shelf,036M078-001,GLDC 00304634,GDC UDC card,TSS,On-Site,232,9/25/2020,Ed Lapasota
TSS GATEWAY,TSS Shelf,036M078-001,GLDC 00306218,GDC UDC card,TSS,On-Site,232,9/25/2020,Ed Lapasota
TSS GATEWAY,TSS Shelf,036M078-001,GLDC 10079923,GDC UDC card,TSS,On-Site,232,9/25/2020,Ed Lapasota
TSS GATEWAY,TSS Shelf,036M302,GLDC 00055420,GDC Expansion chassis - Consisting Of:,TSS,On-Site,includes 2 exp cards,9/25/2020,Ed Lapasota
TSS GATEWAY,TSS Shelf,036P265-003,GLDC 00489451,GDC UVC card,TSS,On-Site,ADPCM,9/25/2020,Ed Lapasota
TSS GATEWAY,TSS Shelf,036P265-003,GLDC 00490185,GDC UVC card,TSS,On-Site,ADPCM,9/25/2020,Ed Lapasota
TSS GATEWAY,TSS Shelf,036P265-003,GLDC 00205605,GDC UVC card,TSS,On-Site,ADPCM,9/25/2020,Ed Lapasota
TSS GATEWAY,TSS Shelf,036P265-003,GLDC 00954391,GDC UVC card,TSS,On-Site,ADPCM,9/25/2020,Ed Lapasota
TSS GATEWAY,TSS Shelf,036P265-003,GLDC 00954390,GDC UVC card,TSS,On-Site,ADPCM,9/25/2020,Ed Lapasota
TSS GATEWAY,TSS Shelf,036P265-003,GLDC 00079425,GDC UVC card,TSS,On-Site,ADPCM,9/25/2020,Ed Lapasota
TSS GATEWAY,TSS Shelf,036P265-003,GLDC 00055497,GDC UVC card,TSS,On-Site,ADPCM,9/25/2020,Ed Lapasota
TSS GATEWAY,TSS Shelf,036P265-003,GLDC 00623803,GDC UVC card,TSS,On-Site,ADPCM,9/25/2020,Ed Lapasota
TSS GATEWAY,TSS Shelf,036P265-003,GLDC 00205562,GDC UVC card,TSS,On-Site,ADPCM,9/25/2020,Ed Lapasota
TSS GATEWAY,TSS Shelf,036P265-003,GLDC 00623790,GDC UVC card,TSS,On-Site,ADPCM,9/25/2020,Ed Lapasota
TSS GATEWAY,TSS Shelf,036P265-003,GLDC 00079549,GDC UVC card,TSS,On-Site,ADPCM,9/25/2020,Ed Lapasota
TSS GATEWAY,TSS Shelf,036P265-003,GLDC 00100339,GDC UVC card,TSS,On-Site,ADPCM,9/25/2020,Ed Lapasota
TSS GATEWAY,TSS Shelf,036P265-003,GLDC 00055404,GDC UVC card,TSS,On-Site,ADPCM,9/25/2020,Ed Lapasota
TSS GATEWAY,TSS Shelf,036P265-003,GLDC 00055517,GDC UVC card,TSS,On-Site,ADPCM,9/25/2020,Ed Lapasota
AMLB/TB Lab,TB Lab,036B300-001,GLDC 00306681,GDC Aggregate Chassis, Harris Mobile Gateway,On-Site,"includes 6 ACC cards, 1 RCC card, 2 ESCC cards, 2 CIC cards",9/25/2020,Ed Lapasota
AMLB/TB Lab,TB Lab,036M313-006,GLDC 00725144,ACC card, Harris Mobile Gateway,On-Site,,9/25/2020,Ed Lapasota
AMLB/TB Lab,TB Lab,036M313-006,GLDC 00306670,ACC card, Harris Mobile Gateway,On-Site,,9/25/2020,Ed Lapasota
AMLB/TB Lab,TB Lab,036M313-006,GLDC 00306671,ACC card, Harris Mobile Gateway,On-Site,,9/25/2020,Ed Lapasota
AMLB/TB Lab,TB Lab,036M313-006,GLDC 00306672,ACC card, Harris Mobile Gateway,On-Site,,9/25/2020,Ed Lapasota
AMLB/TB Lab,TB Lab,036M313-006,GLDC 00306673,ACC card, Harris Mobile Gateway,On-Site,,9/25/2020,Ed Lapasota
AMLB/TB Lab,TB Lab,036M313-006,GLDC 00306674,ACC card, Harris Mobile Gateway,On-Site,,9/25/2020,Ed Lapasota
AMLB/TB Lab,TB Lab,036P302-001,GLDC 00306676,RCC card , Harris Mobile Gateway,On-Site,,9/25/2020,Ed Lapasota
AMLB/TB Lab,TB Lab,036036M337-001,GLDC 00306679,ESCC card, Harris Mobile Gateway,On-Site,,9/25/2020,Ed Lapasota
AMLB/TB Lab,TB Lab,036036M337-001,GLDC 00080213,ESCC card, Harris Mobile Gateway,On-Site,,9/25/2020,Ed Lapasota
AMLB/TB Lab,TB Lab,036P304-003,GLDC00306697,CIC card, Harris Mobile Gateway,On-Site,,9/25/2020,Ed Lapasota
AMLB/TB Lab,TB Lab,036P304-003,GLDC00306696,CIC card, Harris Mobile Gateway,On-Site,,9/25/2020,Ed Lapasota
AMLB/TB Lab,TB Lab,035B006,GLDC 00304802,GDC GPS 8 Power supply, Harris Mobile Gateway,On-Site,Includes 3 PS modules,9/25/2020,Ed Lapasota
AMLB/TB Lab,TB Lab,036M302,GLDC 00118418,GDC Expansion chassis, Harris Mobile Gateway,On-Site,includes 2 exp cards,9/25/2020,Ed Lapasota
AMLB/TB Lab,TB Lab,036P265-003,GLDC 00118351,GDC UVC card, Harris Mobile Gateway,On-Site,ADCPM,9/25/2020,Ed Lapasota
AMLB/TB Lab,TB Lab,036P265-003,GLDC 00118350,GDC UVC card, Harris Mobile Gateway,On-Site,ADCPM,9/25/2020,Ed Lapasota
AMLB/TB Lab,TB Lab,036P265-003,GLDC 00118349,GDC UVC card, Harris Mobile Gateway,On-Site,ADCPM,9/25/2020,Ed Lapasota
AMLB/TB Lab,TB Lab,036P265-003,GLDC 00118346,GDC UVC card, Harris Mobile Gateway,On-Site,ADCPM,9/25/2020,Ed Lapasota
AMLB/TB Lab,TB Lab,036P265-003,GLDC 00091425,GDC UVC card, Harris Mobile Gateway,On-Site,ADCPM,9/25/2020,Ed Lapasota
AMLB/TB Lab,TB Lab,036P265-003,GLDC 00118191,GDC UVC card, Harris Mobile Gateway,On-Site,ADCPM,9/25/2020,Ed Lapasota
AMLB/TB Lab,TB Lab,036P265-003,GLDC 00118214,GDC UVC card, Harris Mobile Gateway,On-Site,ADCPM,9/25/2020,Ed Lapasota
AMLB/TB Lab,TB Lab,036P265-003,GLDC 00677332,GDC UVC card, Harris Mobile Gateway,On-Site,ADCPM,9/25/2020,Ed Lapasota
AMLB/TB Lab,TB Lab,036P265-003,GLDC 00091420,GDC UVC card, Harris Mobile Gateway,On-Site,ADCPM,9/25/2020,Ed Lapasota
AMLB/TB Lab,TB Lab,036M078-001,GLDC 00954267,GDC UDC card, Harris Mobile Gateway,On-Site,232,9/25/2020,Ed Lapasota
AMLB/TB Lab,TB Lab,036M078-001,GLDC 00953953,GDC UDC card, Harris Mobile Gateway,On-Site,232,9/25/2020,Ed Lapasota
AMLB/TB Lab,TB Lab,036M078-001,GLDC 00201832,GDC UDC card, Harris Mobile Gateway,On-Site,232,9/25/2020,Ed Lapasota
AMLB/TB Lab,TB Lab,036M078-001,GLDC 00063733,GDC UDC card, Harris Mobile Gateway,On-Site,232,9/25/2020,Ed Lapasota
AMLB/TB Lab,TB Lab,036M078-001,GLDC 00091933,GDC UDC card, Harris Mobile Gateway,On-Site,232,9/25/2020,Ed Lapasota
AMLB/TB Lab,TB Lab,036M078-001,GLDC 00090906,GDC UDC card, Harris Mobile Gateway,On-Site,232,9/25/2020,Ed Lapasota
AMLB/TB Lab,TB Lab,036M078-004,GLDC 10759770,GDC UDC card, Harris Mobile Gateway,On-Site,V.35,9/25/2020,Ed Lapasota
AMLB/TB Lab,TB Lab,036M302,ALTRON G31946,GDC Expansion chassis, Harris Mobile Gateway,On-Site,includes 2 exp cards,9/25/2020,Ed Lapasota
AMLB/TB Lab,TB Lab,036M078-001,GLDC 00304637,GDC UDC card, Harris Mobile Gateway,On-Site,232,9/25/2020,Ed Lapasota
AMLB/TB Lab,TB Lab,036M078-001,GLDC 00306220,GDC UDC card, Harris Mobile Gateway,On-Site,423,9/25/2020,Ed Lapasota
AMLB/TB Lab,TB Lab,036M078-001,GLDC 00677802,GDC UDC card, Harris Mobile Gateway,On-Site,232,9/25/2020,Ed Lapasota
AMLB/TB Lab,TB Lab,036M078-001,GLDC 00677805,GDC UDC card, Harris Mobile Gateway,On-Site,232,9/25/2020,Ed Lapasota
AMLB/TB Lab,TB Lab,036M078-001,GLDC 00726973,GDC UDC card, Harris Mobile Gateway,On-Site,232,9/25/2020,Ed Lapasota
AMLB/TB Lab,TB Lab,036M078-001,GLDC 00080310,GDC UDC card, Harris Mobile Gateway,On-Site,232,9/25/2020,Ed Lapasota
AMLB/TB Lab,TB Lab,036M078-001,GLDC 00304635,GDC UDC card, Harris Mobile Gateway,On-Site,232,9/25/2020,Ed Lapasota
AMLB/TB Lab,TB Lab,036P265-003,GLDC 00623791,GDC UVC card, Harris Mobile Gateway,On-Site,ADPCM,9/25/2020,Ed Lapasota
AMLB/TB Lab,TB Lab,036P265-003,GLDC 00490464,GDC UVC card, Harris Mobile Gateway,On-Site,ADPCM,9/25/2020,Ed Lapasota
SPARES,Spares Shelf,N/A,N/A,SPARE Cards,Speedcast GSI Gov,In-House,,9/25/2020,Ed Lapasota
SPARES,Spares Shelf,036M313-006,GLDC 00304656,ACC,Speedcast GSI Gov,In-House,,9/25/2020,Ed Lapasota
SPARES,Spares Shelf,036M313-006,GLDC 00304650,ACC,Speedcast GSI Gov,In-House,,9/25/2020,Ed Lapasota
SPARES,Spares Shelf,036M313-006,GLDC 00078530,ACC card,Speedcast GSI Gov,In-House,,9/25/2020,Ed Lapasota
SPARES,Spares Shelf,036M313-006,GLDC 00954603,ACC card,Speedcast GSI Gov,In-House,,9/25/2020,Ed Lapasota
SPARES,Spares Shelf,036036M337-001,GLDC 00091786,ESCC,Speedcast GSI Gov,In-House,,9/25/2020,Ed Lapasota
SPARES,Spares Shelf,036036M337-001,GLDC 00623548,ESCC,Speedcast GSI Gov,In-House,,9/25/2020,Ed Lapasota
SPARES,Spares Shelf,036P302-001,GLDC 00304660,RCC,Speedcast GSI Gov,In-House,,9/25/2020,Ed Lapasota
SPARES,Spares Shelf,036P302-001,GLDC 10150858,RCC,Speedcast GSI Gov,In-House,,9/25/2020,Ed Lapasota
SPARES,Spares Shelf,036P304-003,GLDC 10240994,CIC,Speedcast GSI Gov,In-House,,9/25/2020,Ed Lapasota
SPARES,Spares Shelf,036P304-003,GLDC 10251976,CIC,Speedcast GSI Gov,In-House,,9/25/2020,Ed Lapasota
AMLB/TB NODE 1,Spares Shelf,036036M337-001,GLDC 00304662,ESCC,Speedcast GSI Gov,In-House,,9/25/2020,Ed Lapasota
AMLB/TB NODE 1,Spares Shelf,036M313-006,GLDC 00623528,CIC,Speedcast GSI Gov,In-House,,9/25/2020,Ed Lapasota
SPARES,Spares Shelf,029H614-002E,N/A,MISC RIBBON CABLES,Speedcast GSI Gov,In-House,,9/25/2020,Ed Lapasota
SPARES,Spares Shelf,036P090-001,N/A,FLEX CARDS,Speedcast GSI Gov,In-House,,9/25/2020,Ed Lapasota
